step,system_total_stopped,system_total_waiting_time,system_mean_waiting_time,system_mean_speed,0_stopped,0_accumulated_waiting_time,0_average_speed,agents_total_stopped,agents_total_accumulated_waiting_time,TimeLimit.truncated,episode,terminal_observation
0.0,0,0.0,0.0,0.0,0,0.0,1.0,0,0.0,,,
5.0,3,0.0,0.0,3.478345040212407,0,0.0,1.0,0,0.0,False,,
10.0,1,0.0,0.0,9.02330773030745,0,0.0,1.0,0,0.0,False,,
15.0,0,0.0,0.0,16.303692002555493,0,0.0,1.0,0,0.0,False,,
20.0,0,0.0,0.0,15.155854140421887,0,0.0,0.48669765434079776,0,0.0,False,,
25.0,0,0.0,0.0,9.970464613450865,0,0.0,0.2968289120463809,0,0.0,False,,
30.0,3,9.0,0.6428571428571429,6.271610034163788,3,9.0,0.11330209144721334,3,9.0,False,,
35.0,5,27.0,2.25,3.2202235265927803,5,27.0,0.005011217942420524,5,27.0,False,,
40.0,6,56.0,5.6,3.882849723184549,6,48.0,0.0,6,48.0,False,,
45.0,4,53.0,6.625,3.7501860965820235,4,46.0,0.0,4,46.0,False,,
50.0,3,59.0,5.9,3.0454104608937267,3,52.0,0.0,3,52.0,False,,
55.0,1,22.0,2.4444444444444446,8.703234575508782,1,22.0,0.0,1,22.0,False,,
60.0,0,0.0,0.0,14.647812966613605,0,0.0,1.0,0,0.0,False,,
65.0,0,0.0,0.0,11.419410660399425,0,0.0,1.0090262004368968,0,0.0,False,,
70.0,0,0.0,0.0,13.641687299145715,0,0.0,0.1471342489417094,0,0.0,False,,
75.0,1,2.0,0.2857142857142857,12.671641632213525,1,2.0,0.0003311879920903509,1,2.0,False,,
80.0,1,7.0,1.1666666666666667,7.925084404057043,1,7.0,0.2991995798058693,1,7.0,False,,
85.0,2,13.0,2.6,4.786058489602746,2,13.0,0.004826383101047854,2,13.0,False,,
90.0,2,23.0,5.75,3.221560678540162,2,23.0,0.0,2,23.0,False,,
95.0,2,33.0,11.0,4.425670221667292,2,33.0,0.0,2,33.0,False,,
100.0,1,27.0,4.5,3.5378909112294803,1,27.0,0.0,1,27.0,False,,
105.0,1,32.0,5.333333333333333,12.202981550887008,1,32.0,0.0,1,32.0,False,,
110.0,0,0.0,0.0,14.984762064089796,0,0.0,1.0,0,0.0,False,,
115.0,0,0.0,0.0,13.929870379308358,0,0.0,0.7171265192949089,0,0.0,False,,
120.0,0,0.0,0.0,1.665514406656426,0,0.0,0.08615473422468274,0,0.0,False,,
125.0,2,8.0,1.1428571428571428,5.111127025348446,2,8.0,0.0,2,8.0,False,,
130.0,1,9.0,1.2857142857142858,13.016487738046022,1,9.0,0.0,1,9.0,False,,
135.0,1,14.0,2.3333333333333335,14.191208561450743,1,14.0,0.3523733814467404,1,14.0,False,,
140.0,0,0.0,0.0,9.163003643412392,0,0.0,0.45619001941088083,0,0.0,False,,
145.0,5,1.0,0.125,4.0685210375243,1,1.0,0.08696308019588571,1,1.0,False,,
150.0,1,2.0,0.3333333333333333,6.9892924168966255,1,2.0,0.002303802374257119,1,2.0,False,,
155.0,1,7.0,1.1666666666666667,13.670694661673972,1,7.0,0.0,1,7.0,False,,
160.0,0,0.0,0.0,14.478099818070586,0,0.0,0.9899499434036552,0,0.0,False,,
165.0,0,0.0,0.0,7.1774809258159635,0,0.0,0.36236124024716765,0,0.0,False,,
170.0,1,1.0,0.25,4.838085658962915,1,1.0,0.016310890692520074,1,1.0,False,,
175.0,2,10.0,3.3333333333333335,2.2795935604305013,2,9.0,0.0,2,9.0,False,,
180.0,1,11.0,5.5,0.6232492997798951,1,10.0,0.0,1,10.0,False,,
185.0,3,16.0,1.6,3.9283120045185407,1,15.0,0.0,1,15.0,False,,
190.0,0,0.0,0.0,12.728079338269067,0,0.0,1.0,0,0.0,False,,
195.0,0,0.0,0.0,13.491919424904303,0,0.0,1.0,0,0.0,False,,
200.0,0,0.0,0.0,14.560741969020746,0,0.0,0.6371963345804318,0,0.0,False,,
205.0,1,1.0,0.09090909090909091,11.761458258721968,1,1.0,0.10846767909899158,1,1.0,False,,
210.0,4,12.0,1.2,6.858982780582755,4,12.0,0.2318089637163549,4,12.0,False,,
215.0,4,32.0,3.5555555555555554,2.9058313548026025,4,32.0,0.022570302242249176,4,32.0,False,,
220.0,5,31.0,3.875,2.8406785703999002,4,28.0,0.0008646348899282596,4,28.0,False,,
225.0,5,56.0,8.0,2.665055686053203,4,48.0,0.0,4,48.0,False,,
230.0,4,59.0,9.833333333333334,3.423599858352095,3,46.0,0.0,3,46.0,False,,
235.0,2,45.0,9.0,4.784660384955968,2,45.0,0.0,2,45.0,False,,
240.0,0,0.0,0.0,6.924442114744297,0,0.0,1.0,0,0.0,False,,
245.0,3,0.0,0.0,5.396956488252393,0,0.0,1.0,0,0.0,False,,
250.0,0,0.0,0.0,11.224221972861395,0,0.0,1.0,0,0.0,False,,
255.0,0,0.0,0.0,17.942478417389953,0,0.0,1.0,0,0.0,False,,
260.0,0,0.0,0.0,14.880860721198275,0,0.0,0.5271375277756928,0,0.0,False,,
265.0,0,0.0,0.0,7.4780701347681635,0,0.0,0.23151506876783493,0,0.0,False,,
270.0,3,8.0,0.8888888888888888,2.218747195363699,3,8.0,0.04930070493831712,3,8.0,False,,
275.0,5,22.0,2.75,1.7264156998529232,5,21.0,0.000899484431724536,5,21.0,False,,
280.0,4,39.0,5.571428571428571,3.9777141697739538,4,38.0,0.0,4,38.0,False,,
285.0,2,31.0,5.166666666666667,4.991706149364106,2,25.0,0.0,2,25.0,False,,
290.0,2,41.0,5.125,3.384256105392586,2,35.0,0.0,2,35.0,False,,
295.0,0,0.0,0.0,8.554638006751427,0,0.0,1.0,0,0.0,False,,
300.0,0,0.0,0.0,16.560937643911043,0,0.0,1.0,0,0.0,False,,
305.0,0,0.0,0.0,12.245734003056894,0,0.0,0.8989815659040272,0,0.0,False,,
310.0,0,0.0,0.0,12.618159611809919,0,0.0,0.1634116072443267,0,0.0,False,,
315.0,1,2.0,0.2857142857142857,12.974518223451108,1,2.0,0.0005608383429674155,1,2.0,False,,
320.0,1,7.0,1.1666666666666667,7.388823017723939,1,7.0,0.2914569205994313,1,7.0,False,,
325.0,2,13.0,2.6,5.095006307961347,2,13.0,0.0044061260839592,2,13.0,False,,
330.0,2,23.0,5.75,3.7418955109159575,2,27.0,0.015956477573237454,2,27.0,False,,
335.0,2,33.0,11.0,4.519875188101223,2,33.0,0.0,2,33.0,False,,
340.0,1,27.0,4.5,3.4839451825691405,1,5.0,0.0,1,5.0,False,,
345.0,1,32.0,5.333333333333333,11.647603282855862,1,10.0,0.0,1,10.0,False,,
350.0,0,0.0,0.0,15.069587034682664,0,0.0,1.0,0,0.0,False,,
355.0,0,0.0,0.0,14.08049414967752,0,0.0,0.7661628996120283,0,0.0,False,,
360.0,0,0.0,0.0,9.223236555603266,0,0.0,0.11340579364321597,0,0.0,False,,
365.0,3,4.0,0.4,3.4812543632773973,1,4.0,0.0,1,4.0,False,,
370.0,0,0.0,0.0,12.786263544192645,0,0.0,1.0,0,0.0,False,,
375.0,0,0.0,0.0,18.607019275404593,0,0.0,1.0,0,0.0,False,,
380.0,0,0.0,0.0,13.777010487502844,0,0.0,0.4201491101933644,0,0.0,False,,
385.0,4,0.0,0.0,2.710066697113853,0,0.0,0.10724837285223832,0,0.0,False,,
390.0,3,6.0,0.6,7.441270486945312,3,6.0,0.0013518775426309062,3,6.0,False,,
395.0,2,14.0,1.5555555555555556,11.30273918292905,2,14.0,0.0,2,14.0,False,,
400.0,2,24.0,3.0,12.233531977070928,2,24.0,0.3334473319838736,2,24.0,False,,
405.0,1,16.0,2.2857142857142856,7.5165805722778085,1,16.0,0.22098588491400334,1,16.0,False,,
410.0,2,22.0,4.4,2.6516130721752793,2,22.0,0.056441150231161655,2,22.0,False,,
415.0,3,16.0,3.2,3.427461621410084,3,41.0,0.01309355423235324,3,41.0,False,,
420.0,2,21.0,5.25,2.8551566099648946,2,21.0,0.0,2,21.0,False,,
425.0,1,16.0,2.0,6.879772882150958,1,5.0,0.0,1,5.0,False,,
430.0,1,21.0,3.0,13.22366040573705,1,10.0,0.0,1,10.0,False,,
435.0,0,0.0,0.0,10.338984052301921,0,0.0,1.0,0,0.0,False,,
440.0,0,0.0,0.0,12.001902081649044,0,0.0,0.3928873054400502,0,0.0,False,,
445.0,1,1.0,0.125,12.537942721734579,1,1.0,0.03963602171038741,1,1.0,False,,
450.0,2,9.0,1.2857142857142858,9.990441558552007,2,9.0,0.37085824824188796,2,9.0,False,,
455.0,2,19.0,3.8,2.353821820260486,2,19.0,0.03658769010780891,2,19.0,False,,
460.0,3,20.0,5.0,0.2880230597701656,3,20.0,0.00011332486062767306,3,20.0,False,,
465.0,2,28.0,7.0,3.4435386078126817,2,28.0,0.0,2,28.0,False,,
470.0,1,12.0,4.0,3.240775975203609,1,5.0,0.0,1,5.0,False,,
475.0,1,17.0,8.5,2.9734069680804858,1,10.0,0.0,1,10.0,False,,
480.0,0,0.0,0.0,1.1169745934444824,0,0.0,1.0,0,0.0,False,,
485.0,3,0.0,0.0,4.656170022919917,0,0.0,1.0,0,0.0,False,,
490.0,0,0.0,0.0,10.929871530002062,0,0.0,1.0,0,0.0,False,,
495.0,0,0.0,0.0,18.92991616402121,0,0.0,1.0,0,0.0,False,,
500.0,0,0.0,0.0,14.597323750720472,0,0.0,0.4304784226737978,0,0.0,False,,
505.0,0,0.0,0.0,8.157877491887303,0,0.0,0.2648793758144245,0,0.0,False,,
510.0,3,9.0,1.0,2.066152569385368,3,9.0,0.032390368774187654,3,9.0,False,,
515.0,5,23.0,2.875,1.781221172162371,5,22.0,0.00012607901653614008,5,22.0,False,,
520.0,4,41.0,5.857142857142857,3.811128811377578,4,40.0,0.0,4,40.0,False,,
525.0,2,33.0,5.5,4.356872958959955,2,25.0,0.0,2,25.0,False,,
530.0,2,43.0,5.375,3.0647811656708526,2,35.0,0.0,2,35.0,False,,
535.0,0,0.0,0.0,8.921618586610542,0,0.0,1.0,0,0.0,False,,
540.0,0,0.0,0.0,16.91693430254281,0,0.0,1.0,0,0.0,False,,
545.0,2,0.0,0.0,8.35355083702334,0,0.0,1.0002432486881254,0,0.0,False,,
550.0,0,0.0,0.0,11.964046306949815,0,0.0,0.17397571204235462,0,0.0,False,,
555.0,1,2.0,0.18181818181818182,15.06875288650303,1,2.0,0.4977353986940449,1,2.0,False,,
560.0,1,7.0,0.7,9.908077393472974,1,7.0,0.32682134280080655,1,7.0,False,,
565.0,1,12.0,1.3333333333333333,5.4100834289236825,1,12.0,0.06390376731493934,1,12.0,False,,
570.0,3,23.0,2.875,3.4627108030198266,3,23.0,0.003981200469424343,3,23.0,False,,
575.0,4,42.0,6.0,3.797977368670867,4,42.0,0.0,4,42.0,False,,
580.0,2,39.0,3.5454545454545454,7.086330138379875,2,39.0,0.0,2,39.0,False,,
585.0,2,49.0,6.125,10.678567201906462,2,49.0,0.0,2,49.0,False,,
590.0,0,0.0,0.0,13.393164842523651,0,0.0,1.0,0,0.0,False,,
595.0,0,0.0,0.0,13.48911146169319,0,0.0,0.5690225757451,0,0.0,False,,
600.0,0,0.0,0.0,10.757080417255562,0,0.0,0.10418701826381589,0,0.0,False,,
605.0,1,4.0,0.6666666666666666,5.732977112507837,1,4.0,0.0,1,4.0,False,,
610.0,0,0.0,0.0,14.746031966784471,0,0.0,1.0,0,0.0,False,,
615.0,0,0.0,0.0,18.49571050360248,0,0.0,1.0,0,0.0,False,,
620.0,0,0.0,0.0,16.211631482692653,0,0.0,0.48727927012262934,0,0.0,False,,
625.0,4,0.0,0.0,0.6856225391708525,0,0.0,0.14462095503687475,0,0.0,False,,
630.0,1,2.0,0.3333333333333333,7.708663584429324,1,2.0,0.0019543145737443758,1,2.0,False,,
635.0,0,0.0,0.0,15.095214754288369,0,0.0,1.0,0,0.0,False,,
640.0,0,0.0,0.0,16.32532649512518,0,0.0,1.0032320596628241,0,0.0,False,,
645.0,0,0.0,0.0,10.752925824037813,0,0.0,0.34329965026293935,0,0.0,False,,
650.0,0,0.0,0.0,3.1916278407203826,0,0.0,0.019584089644388288,0,0.0,False,,
655.0,1,5.0,2.5,0.5764040934223097,1,5.0,0.0,1,5.0,False,,
660.0,1,10.0,5.0,3.2574461023664467,1,5.0,0.0,1,5.0,False,,
665.0,0,0.0,0.0,7.791924287649128,0,0.0,1.0,0,0.0,False,,
670.0,0,0.0,0.0,17.013945564977693,0,0.0,1.0,0,0.0,False,,
675.0,0,0.0,0.0,11.50346923239838,0,0.0,1.0,0,0.0,False,,
680.0,0,0.0,0.0,13.324513752338309,0,0.0,0.4165976288979872,0,0.0,False,,
685.0,1,1.0,0.14285714285714285,11.339724526759626,1,1.0,0.06492344295552774,1,1.0,False,,
690.0,2,8.0,1.1428571428571428,9.72369806680369,2,8.0,0.42591293207530667,2,8.0,False,,
695.0,2,18.0,3.0,5.629693744845256,2,18.0,0.12862070504648931,2,18.0,False,,
700.0,2,19.0,4.75,0.3350597832264074,2,30.0,0.018914141710553865,2,30.0,False,,
705.0,2,29.0,7.25,2.839156273056251,2,29.0,0.0,2,29.0,False,,
710.0,1,13.0,3.25,5.392947361747302,1,13.0,0.0,1,13.0,False,,
715.0,1,18.0,6.0,6.8705897457726905,1,18.0,0.0,1,18.0,False,,
720.0,0,0.0,0.0,1.19297406232391,0,0.0,1.0,0,0.0,False,,
725.0,3,0.0,0.0,4.733209354879037,0,0.0,1.0,0,0.0,False,,
730.0,2,0.0,0.0,8.76793427296338,0,0.0,1.0,0,0.0,False,,
735.0,0,0.0,0.0,16.70814088533909,0,0.0,1.0,0,0.0,False,,
740.0,0,0.0,0.0,16.220112153091684,0,0.0,0.5417152491230954,0,0.0,False,,
745.0,0,0.0,0.0,9.874286613793949,0,0.0,0.27214802255713,0,0.0,False,,
750.0,3,9.0,0.6428571428571429,5.733060424431984,3,9.0,0.09032643332191052,3,9.0,False,,
755.0,5,29.0,2.6363636363636362,1.7233881367232102,5,29.0,0.004536903943176776,5,29.0,False,,
760.0,6,57.0,5.7,4.685072598358556,6,57.0,0.0,6,57.0,False,,
765.0,4,54.0,6.75,3.800476274967398,4,61.0,0.00891267606062834,4,61.0,False,,
770.0,3,61.0,5.545454545454546,4.642588689828986,3,54.0,0.0,3,54.0,False,,
775.0,1,24.0,3.0,7.339919185225492,1,24.0,0.0,1,24.0,False,,
780.0,0,0.0,0.0,14.872000290492506,0,0.0,1.0,0,0.0,False,,
785.0,0,0.0,0.0,12.137133682948978,0,0.0,1.0106493465818038,0,0.0,False,,
790.0,0,0.0,0.0,13.997564153982273,0,0.0,0.2863487397199897,0,0.0,False,,
795.0,1,1.0,0.14285714285714285,12.70836472187394,1,1.0,0.43800349627023655,1,1.0,False,,
800.0,1,6.0,1.0,6.273511907301828,1,6.0,0.2226620737498548,1,6.0,False,,
805.0,2,12.0,2.4,2.9241314801926146,2,12.0,0.004194343168344505,2,12.0,False,,
810.0,2,21.0,4.2,5.81628236463875,2,10.0,0.0,2,10.0,False,,
815.0,2,31.0,10.333333333333334,2.0512792602094585,2,20.0,0.0,2,20.0,False,,
820.0,1,26.0,4.333333333333333,4.0826322630831955,1,15.0,0.0,1,15.0,False,,
825.0,1,31.0,5.166666666666667,13.945497978149191,1,20.0,0.0,1,20.0,False,,
830.0,0,0.0,0.0,16.74292773057241,0,0.0,1.0,0,0.0,False,,
835.0,0,0.0,0.0,13.786100794560886,0,0.0,0.4875292874116399,0,0.0,False,,
840.0,0,0.0,0.0,7.365719791437901,0,0.0,0.1070403623843804,0,0.0,False,,
845.0,1,2.0,0.3333333333333333,7.040214160062511,1,2.0,0.0004078854099009575,1,2.0,False,,
850.0,0,0.0,0.0,15.066833003845701,0,0.0,1.0,0,0.0,False,,
855.0,0,0.0,0.0,16.6401129165095,0,0.0,1.0,0,0.0,False,,
860.0,0,0.0,0.0,8.948944967469329,0,0.0,0.31573503289725857,0,0.0,False,,
865.0,5,1.0,0.14285714285714285,0.22989026144601662,1,1.0,0.026593602923469475,1,1.0,False,,
870.0,2,7.0,1.0,5.6659609511547915,2,7.0,0.00010402012131937533,2,7.0,False,,
875.0,2,17.0,2.4285714285714284,12.251885707844119,2,17.0,0.0,2,17.0,False,,
880.0,1,13.0,2.1666666666666665,12.006664008111889,1,26.0,0.34872671451394854,1,26.0,False,,
885.0,1,18.0,3.0,5.861762826564765,1,18.0,0.21801607957945315,1,18.0,False,,
890.0,2,24.0,4.8,2.927353291576441,2,24.0,0.012456037792056599,2,24.0,False,,
895.0,3,37.0,9.25,2.288260715509278,3,37.0,0.0,3,37.0,False,,
900.0,2,19.0,6.333333333333333,0.4470861987896934,2,19.0,0.0,2,19.0,False,,
905.0,3,16.0,1.4545454545454546,4.1423281180896305,1,16.0,0.0,1,16.0,False,,
910.0,0,0.0,0.0,12.517389417290776,0,0.0,1.0,0,0.0,False,,
915.0,0,0.0,0.0,13.779521877655004,0,0.0,1.0,0,0.0,False,,
920.0,0,0.0,0.0,13.343099970071671,0,0.0,0.5353944102968887,0,0.0,False,,
925.0,1,1.0,0.09090909090909091,9.375297712597636,1,1.0,0.07247499569456947,1,1.0,False,,
930.0,2,7.0,0.6363636363636364,7.778258795644503,2,7.0,0.3090198854740085,2,7.0,False,,
935.0,3,21.0,1.9090909090909092,6.281091269994577,3,17.0,0.07393861784903392,3,17.0,False,,
940.0,4,19.0,2.375,2.5733370533680877,3,18.0,0.003963261973300552,3,18.0,False,,
945.0,3,30.0,4.285714285714286,4.768183929315222,3,30.0,0.0,3,30.0,False,,
950.0,2,22.0,3.6666666666666665,7.442409592491692,2,14.0,0.0,2,14.0,False,,
955.0,1,18.0,4.5,8.17046829081751,1,10.0,0.0,1,10.0,False,,
960.0,0,0.0,0.0,3.2681338890363447,0,0.0,1.0,0,0.0,False,,
965.0,3,0.0,0.0,5.797370320413689,0,0.0,1.0,0,0.0,False,,
970.0,0,0.0,0.0,10.617728972449099,0,0.0,1.0,0,0.0,False,,
975.0,0,0.0,0.0,17.969177845877958,0,0.0,0.9893580094924372,0,0.0,False,,
980.0,0,0.0,0.0,14.578790255930704,0,0.0,0.5680939549777522,0,0.0,False,,
985.0,0,0.0,0.0,8.214108265566756,0,0.0,0.3355476671978993,0,0.0,False,,
990.0,3,8.0,0.8888888888888888,1.7433816779294176,3,8.0,0.06339659148707318,3,8.0,False,,
995.0,4,19.0,2.7142857142857144,0.3664902975317882,4,19.0,0.0018978021018657917,4,19.0,False,,
1000.0,4,39.0,5.571428571428571,3.7869548908770954,4,39.0,0.0,4,39.0,False,,
1005.0,2,32.0,5.333333333333333,3.973560124625891,2,23.0,0.0,2,23.0,False,,
1010.0,2,42.0,4.666666666666667,4.391831187906017,2,33.0,0.0,2,33.0,False,,
1015.0,0,0.0,0.0,9.039440727215334,0,0.0,1.0,0,0.0,False,,
1020.0,0,0.0,0.0,16.052587162400602,0,0.0,1.0,0,0.0,False,,
1025.0,0,0.0,0.0,12.110319735084405,0,0.0,0.9322543863444527,0,0.0,False,,
1030.0,0,0.0,0.0,14.80539181321077,0,0.0,0.37490190876338214,0,0.0,False,,
1035.0,1,1.0,0.16666666666666666,13.290950966513853,1,1.0,0.485900479403794,1,1.0,False,,
1040.0,0,0.0,0.0,7.395946820516621,0,0.0,0.43305686433035007,0,0.0,False,,
1045.0,0,0.0,0.0,9.949456759699123,0,0.0,0.01706874905729682,0,0.0,False,,
1050.0,1,4.0,2.0,0.613813794336586,1,4.0,0.0,1,4.0,False,,
1055.0,1,9.0,4.5,3.2489778894274837,1,9.0,0.0,1,9.0,False,,
1060.0,0,0.0,0.0,4.231656730845797,0,0.0,1.0,0,0.0,False,,
1065.0,0,0.0,0.0,15.227366616930656,0,0.0,1.0,0,0.0,False,,
1070.0,0,0.0,0.0,19.878374825976735,0,0.0,1.0,0,0.0,False,,
1075.0,0,0.0,0.0,13.35542836695483,0,0.0,0.5728893506777638,0,0.0,False,,
1080.0,0,0.0,0.0,4.092175665373812,0,0.0,0.10288143201808098,0,0.0,False,,
1085.0,3,3.0,0.3,3.275316434975781,1,3.0,0.0,1,3.0,False,,
1090.0,1,8.0,0.8,12.093852714772433,1,5.0,0.0,1,5.0,False,,
1095.0,0,0.0,0.0,17.654703332543235,0,0.0,1.0,0,0.0,False,,
1100.0,0,0.0,0.0,12.15791147674015,0,0.0,0.38228044056326893,0,0.0,False,,
1105.0,4,0.0,0.0,3.1473523529937637,0,0.0,0.10597006859216104,0,0.0,False,,
1110.0,4,11.0,1.0,6.337918333933353,4,11.0,0.0012301496654133401,4,11.0,False,,
1115.0,2,15.0,1.5,10.761415131277165,2,15.0,0.0,2,15.0,False,,
1120.0,2,25.0,2.7777777777777777,12.3143503364489,2,25.0,0.32001791527318574,2,25.0,False,,
1125.0,2,35.0,5.833333333333333,6.522280643597239,2,35.0,0.1634842418997243,2,35.0,False,,
1130.0,2,23.0,4.6,2.819453475021455,2,23.0,0.010523600196997869,2,23.0,False,,
1135.0,2,33.0,8.25,3.4659090241987034,2,33.0,0.0,2,33.0,False,,
1140.0,0,0.0,0.0,4.590058902216252,0,0.0,1.0,0,0.0,False,,
1145.0,0,0.0,0.0,8.306006741971869,0,0.0,1.0,0,0.0,False,,
1150.0,0,0.0,0.0,16.171701839683397,0,0.0,1.0,0,0.0,False,,
1155.0,0,0.0,0.0,11.468554013200883,0,0.0,1.0,0,0.0,False,,
1160.0,0,0.0,0.0,12.50139584205639,0,0.0,0.544145169393957,0,0.0,False,,
1165.0,0,0.0,0.0,12.724369546212973,0,0.0,0.11137733872033445,0,0.0,False,,
1170.0,2,6.0,0.8571428571428571,9.600476405406203,2,6.0,0.3518562697403046,2,6.0,False,,
1175.0,2,16.0,3.2,2.2860068651763923,2,16.0,0.030483061980260663,2,16.0,False,,
1180.0,3,19.0,4.75,0.31605656307263674,3,19.0,0.0005353948754317526,3,19.0,False,,
1185.0,2,28.0,7.0,3.2368959953362015,2,28.0,0.0,2,28.0,False,,
1190.0,1,13.0,3.25,7.104968946734945,1,13.0,0.0,1,13.0,False,,
1195.0,1,18.0,9.0,2.9627750770115666,1,18.0,0.0,1,18.0,False,,
1200.0,0,0.0,0.0,1.0868501621975881,0,0.0,1.0,0,0.0,False,,
1205.0,3,0.0,0.0,4.642671587286846,0,0.0,1.0,0,0.0,False,,
1210.0,0,0.0,0.0,10.880721483862354,0,0.0,1.0,0,0.0,False,,
1215.0,0,0.0,0.0,18.091952637697734,0,0.0,1.0,0,0.0,False,,
1220.0,0,0.0,0.0,13.601958638255523,0,0.0,0.4909626765597531,0,0.0,False,,
1225.0,0,0.0,0.0,8.713609670118384,0,0.0,0.3869483518460403,0,0.0,False,,
1230.0,2,8.0,0.8888888888888888,2.4786040604097868,2,8.0,0.06684142674989434,2,8.0,False,,
1235.0,5,21.0,2.625,1.7992064345274923,5,21.0,0.000776788817510573,5,21.0,False,,
1240.0,4,40.0,5.714285714285714,3.4802498990592303,4,35.0,0.0,4,35.0,False,,
1245.0,2,32.0,5.333333333333333,3.9720469321294334,2,32.0,0.0,2,32.0,False,,
1250.0,2,42.0,4.666666666666667,4.298577445704968,2,42.0,0.0,2,42.0,False,,
1255.0,0,0.0,0.0,8.646400535564545,0,0.0,1.0,0,0.0,False,,
1260.0,0,0.0,0.0,16.378505916516747,0,0.0,1.0,0,0.0,False,,
1265.0,1,0.0,0.0,8.374604314663332,0,0.0,1.0019466707270404,0,0.0,False,,
1270.0,0,0.0,0.0,12.1519566873136,0,0.0,0.26224077862657547,0,0.0,False,,
1275.0,1,2.0,0.18181818181818182,15.19013513795245,1,2.0,0.0016129300165776833,1,2.0,False,,
1280.0,1,7.0,0.7,9.963302595574264,1,7.0,0.4129293045421846,1,7.0,False,,
1285.0,2,13.0,1.4444444444444444,5.18216155737673,2,13.0,0.11735051328033753,2,13.0,False,,
1290.0,5,27.0,3.375,1.8358956931612158,5,27.0,0.0012098507561917884,5,27.0,False,,
1295.0,5,52.0,6.5,2.675387094334303,5,47.0,0.0,5,47.0,False,,
1300.0,4,54.0,4.909090909090909,4.328371074007719,3,29.0,0.0,3,29.0,False,,
1305.0,3,66.0,6.6,9.690130653137468,3,44.0,0.0,3,44.0,False,,
1310.0,2,58.0,7.25,11.842356873726487,2,36.0,0.0,2,36.0,False,,
1315.0,2,68.0,8.5,10.006524495387263,2,46.0,0.370135853265636,2,46.0,False,,
1320.0,0,0.0,0.0,4.258053701003512,0,0.0,0.16932893504474236,0,0.0,False,,
1325.0,2,5.0,0.5555555555555556,7.671147144499145,2,5.0,0.002435139672408966,2,5.0,False,,
1330.0,1,6.0,0.8571428571428571,12.259909289097996,1,6.0,0.0,1,6.0,False,,
1335.0,1,11.0,1.8333333333333333,13.3768413220959,1,11.0,0.0,1,11.0,False,,
1340.0,0,0.0,0.0,7.34342858285722,0,0.0,0.4720116271267793,0,0.0,False,,
1345.0,5,1.0,0.1111111111111111,3.1478917550012246,1,1.0,0.008547165752907215,1,1.0,False,,
1350.0,1,4.0,0.5,7.893797365922191,1,9.0,0.021434966443432856,1,9.0,False,,
1355.0,1,9.0,1.2857142857142858,13.967651914519536,1,9.0,0.0,1,9.0,False,,
1360.0,0,0.0,0.0,14.645457998396939,0,0.0,1.002739178945419,0,0.0,False,,
1365.0,0,0.0,0.0,10.523449218789864,0,0.0,0.30819316550786807,0,0.0,False,,
1370.0,0,0.0,0.0,3.259993207548859,0,0.0,0.005347300435215395,0,0.0,False,,
1375.0,1,5.0,2.5,3.6944726591382766,1,5.0,0.0,1,5.0,False,,
1380.0,0,0.0,0.0,1.2278493359616354,0,0.0,1.0,0,0.0,False,,
1385.0,0,0.0,0.0,9.097996739000362,0,0.0,1.0,0,0.0,False,,
1390.0,0,0.0,0.0,18.40413448603018,0,0.0,1.0,0,0.0,False,,
1395.0,0,0.0,0.0,10.388873558222432,0,0.0,1.0,0,0.0,False,,
1400.0,0,0.0,0.0,14.331392454089833,0,0.0,0.5142484043496212,0,0.0,False,,
1405.0,0,0.0,0.0,14.05060750260065,0,0.0,0.18488266689407104,0,0.0,False,,
1410.0,1,2.0,0.3333333333333333,11.607075243439176,1,2.0,0.4396931439355283,1,2.0,False,,
1415.0,0,0.0,0.0,1.7211321871220173,0,0.0,0.08909223958830563,0,0.0,False,,
1420.0,2,5.0,1.25,3.2404045111719673,2,5.0,0.00040192991108766276,2,5.0,False,,
1425.0,1,8.0,2.0,6.670163429913162,1,5.0,0.0,1,5.0,False,,
1430.0,1,13.0,6.5,4.2362674742637845,1,10.0,0.0,1,10.0,False,,
1435.0,0,0.0,0.0,1.2259898474378361,0,0.0,1.0,0,0.0,False,,
1440.0,0,0.0,0.0,14.311831317521005,0,0.0,1.0,0,0.0,False,,
1445.0,3,0.0,0.0,3.6381083114474144,0,0.0,1.0,0,0.0,False,,
1450.0,1,0.0,0.0,8.757278713941746,0,0.0,1.0,0,0.0,False,,
1455.0,0,0.0,0.0,16.059401142940512,0,0.0,1.0,0,0.0,False,,
1460.0,0,0.0,0.0,15.924182359104265,0,0.0,0.5562047746604095,0,0.0,False,,
1465.0,0,0.0,0.0,9.781272096729577,0,0.0,0.3542977095598855,0,0.0,False,,
1470.0,3,6.0,0.42857142857142855,5.662185092455084,3,6.0,0.07488111757330648,3,6.0,False,,
1475.0,6,24.0,2.0,3.270932693083413,6,24.0,0.0021986214093779916,6,24.0,False,,
1480.0,6,52.0,5.2,4.397659402836025,6,52.0,0.0,6,52.0,False,,
1485.0,4,52.0,6.5,3.657045707778297,4,45.0,0.0,4,45.0,False,,
1490.0,3,58.0,5.8,2.952483807708032,3,51.0,0.0,3,51.0,False,,
1495.0,1,22.0,2.75,8.113354243213136,1,22.0,0.0,1,22.0,False,,
1500.0,0,0.0,0.0,15.614498866287862,0,0.0,1.0,0,0.0,False,,
1505.0,0,0.0,0.0,12.134176789191836,0,0.0,0.8782744397856744,0,0.0,False,,
1510.0,0,0.0,0.0,13.139437415876202,0,0.0,0.1736400562412659,0,0.0,False,,
1515.0,2,3.0,0.42857142857142855,11.176131971209198,2,3.0,0.0013161027584567989,2,3.0,False,,
1520.0,2,13.0,1.8571428571428572,8.781909916769806,2,11.0,0.2019265724725169,2,11.0,False,,
1525.0,2,13.0,3.25,0.5415337243009131,2,11.0,0.016395121895658303,2,11.0,False,,
1530.0,2,23.0,5.75,3.7093462786926734,2,21.0,0.0,2,21.0,False,,
1535.0,1,22.0,7.333333333333333,4.463833158602697,1,20.0,0.0,1,20.0,False,,
1540.0,1,27.0,4.5,4.527618851277105,1,25.0,0.0,1,25.0,False,,
1545.0,0,0.0,0.0,13.990849956763094,0,0.0,1.0,0,0.0,False,,
1550.0,0,0.0,0.0,19.355106802053285,0,0.0,1.0,0,0.0,False,,
1555.0,0,0.0,0.0,12.270973649203695,0,0.0,0.4841010020447576,0,0.0,False,,
1560.0,0,0.0,0.0,4.135489425032898,0,0.0,0.0711287683709061,0,0.0,False,,
1565.0,1,4.0,0.6666666666666666,5.29526000464988,1,4.0,0.0,1,4.0,False,,
1570.0,1,9.0,1.5,13.031166146030472,1,9.0,0.0,1,9.0,False,,
1575.0,0,0.0,0.0,15.76614292770406,0,0.0,0.686445907379446,0,0.0,False,,
1580.0,0,0.0,0.0,10.163013702898144,0,0.0,0.35374108925548103,0,0.0,False,,
1585.0,5,2.0,0.2857142857142857,0.633968433691938,1,2.0,0.030419284148323865,1,2.0,False,,
1590.0,2,10.0,1.4285714285714286,8.160319292067522,2,10.0,4.055757654819972e-05,2,10.0,False,,
1595.0,1,8.0,1.3333333333333333,12.992592522911615,1,8.0,0.0,1,8.0,False,,
1600.0,1,13.0,2.1666666666666665,12.88438443562824,1,13.0,0.4978705433213162,1,13.0,False,,
1605.0,0,0.0,0.0,6.875654599866428,0,0.0,0.2663133085121816,0,0.0,False,,
1610.0,1,2.0,0.5,3.4034628572201275,1,2.0,0.004738939967650042,1,2.0,False,,
1615.0,1,7.0,1.75,6.163429635666461,1,5.0,0.0,1,5.0,False,,
1620.0,1,12.0,6.0,3.6214254378300845,1,10.0,0.0,1,10.0,False,,
1625.0,2,0.0,0.0,3.7512448615157634,0,0.0,1.0,0,0.0,False,,
1630.0,0,0.0,0.0,14.570764202175399,0,0.0,1.0,0,0.0,False,,
1635.0,0,0.0,0.0,14.36712001016315,0,0.0,0.9603578640933352,0,0.0,False,,
1640.0,0,0.0,0.0,13.204596346023182,0,0.0,0.4129453153220246,0,0.0,False,,
1645.0,0,0.0,0.0,11.69281420851599,0,0.0,0.08071149314768322,0,0.0,False,,
1650.0,2,5.0,0.5,6.562772684725533,2,5.0,0.32651260237337454,2,5.0,False,,
1655.0,3,20.0,2.2222222222222223,4.130109149075125,3,20.0,0.10606697896405577,3,20.0,False,,
1660.0,4,32.0,4.0,5.2577632742397595,4,32.0,0.009093817066735958,4,32.0,False,,
1665.0,4,47.0,7.833333333333333,2.166206637466239,4,47.0,0.0,4,47.0,False,,
1670.0,3,44.0,7.333333333333333,4.6836252225344746,3,35.0,0.0,3,35.0,False,,
1675.0,2,46.0,9.2,6.323254650597944,2,37.0,0.0,2,37.0,False,,
1680.0,0,0.0,0.0,5.573134766616831,0,0.0,1.0,0,0.0,False,,
1685.0,3,0.0,0.0,5.915750821720377,0,0.0,1.0,0,0.0,False,,
1690.0,0,0.0,0.0,11.256462111736388,0,0.0,1.0,0,0.0,False,,
1695.0,0,0.0,0.0,17.69357869241267,0,0.0,0.7126560531232424,0,0.0,False,,
1700.0,0,0.0,0.0,15.03475370288748,0,0.0,0.5700395437006514,0,0.0,False,,
1705.0,0,0.0,0.0,8.495507812820547,0,0.0,0.36201662974976606,0,0.0,False,,
1710.0,1,4.0,0.4444444444444444,2.2022723939762847,1,4.0,0.04194272748315599,1,4.0,False,,
1715.0,4,20.0,2.857142857142857,3.6971736584043398,4,20.0,0.00017317063415837745,4,20.0,False,,
1720.0,2,23.0,4.6,2.0564791570851186,2,19.0,0.0,2,19.0,False,,
1725.0,2,33.0,8.25,6.248258325036865,2,29.0,0.0,2,29.0,False,,
1730.0,0,0.0,0.0,0.9884943080725529,0,0.0,1.0,0,0.0,False,,
1735.0,0,0.0,0.0,11.62065100149408,0,0.0,1.0,0,0.0,False,,
1740.0,0,0.0,0.0,19.523924666564977,0,0.0,1.0,0,0.0,False,,
1745.0,0,0.0,0.0,12.192022425181094,0,0.0,0.7673893296154666,0,0.0,False,,
1750.0,0,0.0,0.0,12.729792517878447,0,0.0,0.1693041864793178,0,0.0,False,,
1755.0,1,3.0,0.42857142857142855,11.368295653685903,1,3.0,0.33723577510805297,1,3.0,False,,
1760.0,1,8.0,1.1428571428571428,7.212325457759353,1,12.0,0.22144522706137018,1,12.0,False,,
1765.0,1,13.0,2.6,5.566094026558671,1,13.0,0.023837009260791506,1,13.0,False,,
1770.0,2,23.0,7.666666666666667,0.3963586749915579,2,23.0,0.0,2,23.0,False,,
1775.0,2,33.0,11.0,3.155059757899725,2,33.0,0.0,2,33.0,False,,
1780.0,1,28.0,4.0,5.340223632738755,1,28.0,0.0,1,28.0,False,,
1785.0,1,33.0,5.5,12.302028447045211,1,33.0,0.0,1,33.0,False,,
1790.0,0,0.0,0.0,16.634407402409202,0,0.0,1.0,0,0.0,False,,
1795.0,0,0.0,0.0,13.68134071688828,0,0.0,0.5858516247461106,0,0.0,False,,
1800.0,0,0.0,0.0,8.280612905398284,0,0.0,0.11781109438589125,0,0.0,False,,
1805.0,2,2.0,0.2,4.3275262667248695,1,2.0,0.0006326735437199337,1,2.0,False,,
1810.0,0,0.0,0.0,13.610358874363277,0,6.0,0.04911959300362982,0,6.0,False,,
1815.0,0,0.0,0.0,17.65965549055881,0,0.0,1.0,0,0.0,False,,
1820.0,0,0.0,0.0,12.374745901119834,0,0.0,0.38132557605318407,0,0.0,False,,
1825.0,5,1.0,0.09090909090909091,2.6537402491137656,1,1.0,0.055720917464374034,1,1.0,False,,
1830.0,3,8.0,0.7272727272727273,5.7044929332073,3,8.0,0.0007954434355775393,3,8.0,False,,
1835.0,3,23.0,2.090909090909091,10.19909804119663,3,19.0,0.0,3,19.0,False,,
1840.0,1,13.0,1.3,11.374348907532788,1,13.0,0.49599103565082175,1,13.0,False,,
1845.0,1,18.0,2.25,9.332586360711284,1,18.0,0.2918245297565683,1,18.0,False,,
1850.0,2,24.0,4.8,5.091309478069616,2,24.0,0.019246591518726826,2,24.0,False,,
1855.0,2,8.0,2.6666666666666665,0.3510265356483151,2,35.0,0.018239313694990808,2,35.0,False,,
1860.0,1,11.0,3.6666666666666665,3.8039090937783917,1,11.0,0.0,1,11.0,False,,
1865.0,0,0.0,0.0,8.241815186265509,0,15.0,0.045715812204756796,0,15.0,False,,
1870.0,0,0.0,0.0,16.76311165785149,0,0.0,1.0,0,0.0,False,,
1875.0,0,0.0,0.0,10.998787078786869,0,0.0,1.0,0,0.0,False,,
1880.0,0,0.0,0.0,12.491410609454555,0,0.0,0.3956139463994765,0,0.0,False,,
1885.0,0,0.0,0.0,12.077554274831042,0,0.0,0.05208528900299528,0,0.0,False,,
1890.0,2,7.0,1.0,11.233850478173292,2,7.0,0.26888517891437497,2,7.0,False,,
1895.0,1,10.0,2.0,1.6088321661831029,1,10.0,0.08422559370746788,1,10.0,False,,
1900.0,3,19.0,3.8,2.7948287951134283,3,19.0,0.0008050476278054101,3,19.0,False,,
1905.0,2,14.0,2.8,5.8542881021195425,2,12.0,0.0,2,12.0,False,,
1910.0,2,24.0,8.0,1.970035494122339,2,22.0,0.0,2,22.0,False,,
1915.0,1,17.0,8.5,0.6352683880965915,1,15.0,0.0,1,15.0,False,,
1920.0,1,22.0,11.0,4.671643947299176,1,20.0,0.0,1,20.0,False,,
1925.0,3,0.0,0.0,3.384577073857705,0,0.0,1.0,0,0.0,False,,
1930.0,0,0.0,0.0,11.009122377254403,0,0.0,1.0,0,0.0,False,,
1935.0,0,0.0,0.0,18.142480705722146,0,0.0,1.0,0,0.0,False,,
1940.0,0,0.0,0.0,15.341567644546023,0,0.0,0.5136113807442855,0,0.0,False,,
1945.0,0,0.0,0.0,7.166331834775576,0,0.0,0.27824866099265366,0,0.0,False,,
1950.0,3,8.0,0.8888888888888888,2.175067823811716,3,8.0,0.03674367931085258,3,8.0,False,,
1955.0,5,24.0,3.0,2.087769906345154,5,24.0,0.0002966114349532519,5,24.0,False,,
1960.0,4,42.0,6.0,3.8025615336028458,4,42.0,0.0,4,42.0,False,,
1965.0,2,34.0,5.666666666666667,4.468963671079784,2,25.0,0.0,2,25.0,False,,
1970.0,2,44.0,5.5,3.3618779715297156,2,35.0,0.0,2,35.0,False,,
1975.0,0,0.0,0.0,8.713298069433044,0,0.0,1.0,0,0.0,False,,
1980.0,0,0.0,0.0,16.815022488388703,0,0.0,1.0,0,0.0,False,,
1985.0,2,0.0,0.0,8.28077696900977,0,0.0,1.0185460793565373,0,0.0,False,,
1990.0,0,0.0,0.0,12.092256742441196,0,0.0,0.18168912920566976,0,0.0,False,,
1995.0,1,1.0,0.09090909090909091,15.488734606311182,1,1.0,0.5566488460067182,1,1.0,False,,
2000.0,1,6.0,0.6,9.544037914012016,1,5.0,0.2900959684035287,1,5.0,False,,
2005.0,2,13.0,1.3,6.863384499648449,2,12.0,0.045497992604417004,2,12.0,False,,
2010.0,4,24.0,3.0,3.287485409207731,4,23.0,0.0008343696581006517,4,23.0,False,,
2015.0,4,44.0,6.285714285714286,4.358390580504788,4,43.0,0.0,4,43.0,False,,
2020.0,2,38.0,4.222222222222222,4.918740780024008,2,37.0,0.0,2,37.0,False,,
2025.0,2,48.0,6.0,10.761978009710134,2,47.0,0.0,2,47.0,False,,
2030.0,0,0.0,0.0,14.3933590174977,0,0.0,1.0,0,0.0,False,,
2035.0,0,0.0,0.0,14.024854770266652,0,0.0,0.49241565494160766,0,0.0,False,,
2040.0,0,0.0,0.0,10.545108067717894,0,0.0,0.118089574082246,0,0.0,False,,
2045.0,1,2.0,0.3333333333333333,6.969027331243313,1,2.0,0.0006111742027954326,1,2.0,False,,
2050.0,0,0.0,0.0,15.283474498515798,0,0.0,1.0,0,0.0,False,,
2055.0,0,0.0,0.0,16.71603808595925,0,0.0,1.009074901106294,0,0.0,False,,
2060.0,0,0.0,0.0,9.829909162985519,0,0.0,0.38032104581056786,0,0.0,False,,
2065.0,5,1.0,0.14285714285714285,2.912529682981869,1,1.0,0.017687264868252135,1,1.0,False,,
2070.0,1,4.0,0.6666666666666666,6.874095099554798,1,4.0,0.0,1,4.0,False,,
2075.0,1,9.0,1.5,13.513171638712606,1,9.0,0.0,1,9.0,False,,
2080.0,0,0.0,0.0,14.521141689780569,0,0.0,0.9749242211191179,0,0.0,False,,
2085.0,0,0.0,0.0,9.203521150555213,0,0.0,0.3133293514165358,0,0.0,False,,
2090.0,1,1.0,0.3333333333333333,0.8525832278896822,1,1.0,0.024316577030709666,1,1.0,False,,
2095.0,2,9.0,3.0,2.8425373710064297,2,9.0,4.125847459420437e-06,2,9.0,False,,
2100.0,1,11.0,5.5,0.5834262009020224,1,5.0,0.0,1,5.0,False,,
2105.0,1,16.0,2.6666666666666665,6.149327388162249,1,10.0,0.0,1,10.0,False,,
2110.0,0,0.0,0.0,14.139596510432455,0,0.0,1.0,0,0.0,False,,
2115.0,0,0.0,0.0,11.013374364932966,0,0.0,1.0,0,0.0,False,,
2120.0,0,0.0,0.0,12.198789901715742,0,0.0,0.4854974200446171,0,0.0,False,,
2125.0,0,0.0,0.0,11.593623797258577,0,0.0,0.08474996402904236,0,0.0,False,,
2130.0,2,7.0,1.0,9.865656093986052,2,7.0,0.4093164154607831,2,7.0,False,,
2135.0,2,17.0,3.4,3.159028024051445,2,17.0,0.10659031475531167,2,17.0,False,,
2140.0,2,18.0,4.5,0.43019422120569006,2,18.0,0.009855628570130856,2,18.0,False,,
2145.0,2,28.0,7.0,3.0338883144577062,2,28.0,0.0,2,28.0,False,,
2150.0,1,13.0,3.25,6.252283794816837,1,5.0,0.0,1,5.0,False,,
2155.0,1,18.0,9.0,3.489660197226928,1,10.0,0.0,1,10.0,False,,
2160.0,0,0.0,0.0,1.1936071947084592,0,0.0,1.0,0,0.0,False,,
2165.0,3,0.0,0.0,4.741519263570863,0,0.0,1.0,0,0.0,False,,
2170.0,2,0.0,0.0,8.882200677300263,0,0.0,1.0,0,0.0,False,,
2175.0,0,0.0,0.0,16.631575135224093,0,0.0,1.0,0,0.0,False,,
2180.0,0,0.0,0.0,15.678246895316128,0,0.0,0.5281152620933656,0,0.0,False,,
2185.0,1,1.0,0.0625,9.897343856710128,1,1.0,0.33348090631304694,1,1.0,False,,
2190.0,2,8.0,0.5714285714285714,5.824667406441719,2,8.0,0.10997410639083133,2,8.0,False,,
2195.0,5,29.0,2.4166666666666665,3.5108233377447893,5,29.0,0.005817615370491922,5,29.0,False,,
2200.0,6,57.0,5.7,4.455077129949913,6,57.0,0.0,6,57.0,False,,
2205.0,4,55.0,6.875,3.6828053733493626,4,55.0,0.0,4,55.0,False,,
2210.0,3,62.0,6.2,3.2330041014843616,3,62.0,0.0,3,62.0,False,,
2215.0,1,24.0,3.0,7.725588066702377,1,24.0,0.0,1,24.0,False,,
2220.0,0,0.0,0.0,15.253368119110283,0,0.0,1.0,0,0.0,False,,
2225.0,0,0.0,0.0,12.193394072647477,0,0.0,0.9096416608463596,0,0.0,False,,
2230.0,0,0.0,0.0,13.610877646094977,0,0.0,0.1543210274897713,0,0.0,False,,
2235.0,1,3.0,0.42857142857142855,12.661520515879037,1,3.0,0.003613393873785885,1,3.0,False,,
2240.0,2,13.0,2.1666666666666665,8.812607745216201,2,13.0,0.19762895246528886,2,13.0,False,,
2245.0,1,13.0,3.25,0.5439473148970173,1,13.0,0.017078505465420012,1,13.0,False,,
2250.0,2,23.0,5.75,3.636587790641911,2,10.0,0.0,2,10.0,False,,
2255.0,1,23.0,7.666666666666667,3.3533760365873952,1,10.0,0.0,1,10.0,False,,
2260.0,1,28.0,4.666666666666667,4.4980046683582495,1,15.0,0.0,1,15.0,False,,
2265.0,0,0.0,0.0,13.520912221976351,0,0.0,1.0,0,0.0,False,,
2270.0,0,0.0,0.0,18.512661123187197,0,0.0,1.0,0,0.0,False,,
2275.0,0,0.0,0.0,15.72047215427551,0,0.0,0.6425364298230088,0,0.0,False,,
2280.0,0,0.0,0.0,3.709208797912424,0,0.0,0.1415578811287095,0,0.0,False,,
2285.0,1,1.0,0.16666666666666666,6.930480242852052,1,1.0,0.002524700182660392,1,1.0,False,,
2290.0,0,0.0,0.0,14.458756711806284,0,5.0,0.05046590972511301,0,5.0,False,,
2295.0,0,0.0,0.0,14.923670033703104,0,0.0,1.0,0,0.0,False,,
2300.0,0,0.0,0.0,9.742934100831778,0,0.0,0.4528008172301517,0,0.0,False,,
2305.0,5,1.0,0.14285714285714285,0.5855128613606368,1,1.0,0.08464918215168027,1,1.0,False,,
2310.0,2,7.0,1.0,5.9001006695188725,2,7.0,0.0012254461232926736,2,7.0,False,,
2315.0,2,17.0,2.4285714285714284,11.508546458775243,2,12.0,0.0,2,12.0,False,,
2320.0,1,12.0,2.0,12.067501407160014,1,12.0,0.4970137027924274,1,12.0,False,,
2325.0,1,17.0,2.8333333333333335,8.65383996292782,1,17.0,0.25293575631723136,1,17.0,False,,
2330.0,0,0.0,0.0,2.3907157722684316,0,0.0,0.026764513114422957,0,0.0,False,,
2335.0,1,5.0,1.6666666666666667,3.8101255663881397,1,5.0,0.0,1,5.0,False,,
2340.0,0,0.0,0.0,7.724907135830652,0,9.0,0.04669585097051048,0,9.0,False,,
2345.0,2,0.0,0.0,4.857354207675536,0,0.0,1.0,0,0.0,False,,
2350.0,0,0.0,0.0,14.780186038705835,0,0.0,1.0,0,0.0,False,,
2355.0,0,0.0,0.0,13.706499892358165,0,0.0,1.0,0,0.0,False,,
2360.0,0,0.0,0.0,12.736645388639134,0,0.0,0.37569206762478935,0,0.0,False,,
2365.0,1,1.0,0.09090909090909091,9.429100093047992,1,1.0,0.043227326535891994,1,1.0,False,,
2370.0,3,10.0,0.9090909090909091,6.781399702742766,3,10.0,0.28189875717525203,3,10.0,False,,
2375.0,3,25.0,2.5,4.836997800284125,3,19.0,0.0404491078835106,3,19.0,False,,
2380.0,3,19.0,2.111111111111111,5.02381792843247,3,19.0,0.0021129399556009563,3,19.0,False,,
2385.0,3,32.0,4.571428571428571,6.104630820870426,3,32.0,0.0,3,32.0,False,,
2390.0,2,24.0,4.8,6.369556930526778,2,24.0,0.0,2,24.0,False,,
2395.0,1,19.0,6.333333333333333,4.518939361867828,1,19.0,0.0,1,19.0,False,,
2400.0,0,0.0,0.0,8.303381297460854,0,0.0,1.0,0,0.0,False,,
2405.0,3,0.0,0.0,4.942177319936274,0,0.0,1.0,0,0.0,False,,
2410.0,0,0.0,0.0,10.99067949903634,0,0.0,1.0,0,0.0,False,,
2415.0,0,0.0,0.0,18.04741985421911,0,0.0,0.9894513046316074,0,0.0,False,,
2420.0,0,0.0,0.0,14.393767494258782,0,0.0,0.4557642537956307,0,0.0,False,,
2425.0,0,0.0,0.0,9.009019970074807,0,0.0,0.37368824343834595,0,0.0,False,,
2430.0,2,8.0,0.8888888888888888,4.011442119991792,2,8.0,0.04738148308532491,2,8.0,False,,
2435.0,4,16.0,2.2857142857142856,2.084291991638012,4,16.0,0.0006132297406594447,4,16.0,False,,
2440.0,3,30.0,5.0,4.62233613247552,3,30.0,0.0,3,30.0,False,,
2445.0,1,13.0,3.25,2.0176042661986417,1,13.0,0.0,1,13.0,False,,
2450.0,1,18.0,2.25,4.883676756214877,1,18.0,0.0,1,18.0,False,,
2455.0,0,0.0,0.0,9.872006966344884,0,0.0,1.0,0,0.0,False,,
2460.0,0,0.0,0.0,17.682230579301194,0,0.0,1.0,0,0.0,False,,
2465.0,0,0.0,0.0,12.14349694618079,0,0.0,0.8751240291911848,0,0.0,False,,
2470.0,0,0.0,0.0,13.020749664010332,0,0.0,0.15078047150499602,0,0.0,False,,
2475.0,1,2.0,0.2857142857142857,12.755217587841374,1,2.0,0.0008356606906352543,1,2.0,False,,
2480.0,1,7.0,1.1666666666666667,7.815112815251177,1,7.0,0.3176702666240236,1,7.0,False,,
2485.0,1,12.0,3.0,2.041736213614756,1,12.0,0.006099981585499098,1,12.0,False,,
2490.0,2,22.0,5.5,3.166765317575865,2,22.0,0.0,2,22.0,False,,
2495.0,2,32.0,10.666666666666666,4.407241039547675,2,32.0,0.0,2,32.0,False,,
2500.0,1,27.0,4.5,3.508602920100305,1,27.0,0.0,1,27.0,False,,
2505.0,1,32.0,5.333333333333333,11.618965713858628,1,5.0,0.0,1,5.0,False,,
2510.0,0,0.0,0.0,15.882700803722704,0,0.0,1.0,0,0.0,False,,
2515.0,0,0.0,0.0,15.308550522193062,0,0.0,0.7736271440583591,0,0.0,False,,
2520.0,0,0.0,0.0,9.055149106095554,0,0.0,0.19921674274409043,0,0.0,False,,
2525.0,2,1.0,0.1,4.173245066524826,1,1.0,0.004471785783146358,1,1.0,False,,
2530.0,0,0.0,0.0,13.195461949180297,0,0.0,1.0,0,0.0,False,,
2535.0,0,0.0,0.0,17.576448681121082,0,0.0,1.0,0,0.0,False,,
2540.0,0,0.0,0.0,13.39363019397916,0,0.0,0.5430318691283074,0,0.0,False,,
2545.0,4,0.0,0.0,4.140803739608865,0,0.0,0.08203190420165643,0,0.0,False,,
2550.0,4,12.0,1.2,5.78384434408932,4,12.0,0.00019684631359022213,4,12.0,False,,
2555.0,2,15.0,1.5,10.00211909305052,2,15.0,0.0,2,15.0,False,,
2560.0,2,25.0,2.7777777777777777,10.8861092640848,2,25.0,0.32963009705450447,2,25.0,False,,
2565.0,1,18.0,2.25,9.542223833184565,1,18.0,0.23885142133165843,1,18.0,False,,
2570.0,1,23.0,4.6,5.379563996697164,1,23.0,0.005992089580075057,1,23.0,False,,
2575.0,2,9.0,2.25,5.136793641360108,2,9.0,0.0,2,9.0,False,,
2580.0,1,10.0,3.3333333333333335,4.482981656209127,1,10.0,0.0,1,10.0,False,,
2585.0,0,0.0,0.0,6.801996843607218,0,0.0,1.0,0,0.0,False,,
2590.0,0,0.0,0.0,16.524757559978966,0,0.0,1.0,0,0.0,False,,
2595.0,0,0.0,0.0,11.252535211606268,0,0.0,1.0,0,0.0,False,,
2600.0,0,0.0,0.0,14.729377396554735,0,0.0,0.48535375096832506,0,0.0,False,,
2605.0,0,0.0,0.0,14.32787751664199,0,0.0,0.15734510933121584,0,0.0,False,,
2610.0,1,2.0,0.3333333333333333,10.497368132082975,1,2.0,0.4532048055645906,1,2.0,False,,
2615.0,0,0.0,0.0,1.6961551628980418,0,0.0,0.08969876277381077,0,0.0,False,,
2620.0,2,6.0,1.5,3.190997970200864,2,6.0,0.0004661097754010768,2,6.0,False,,
2625.0,1,7.0,1.75,6.747754340215534,1,7.0,0.0,1,7.0,False,,
2630.0,1,12.0,6.0,7.347139816583356,1,12.0,0.0,1,12.0,False,,
2635.0,0,0.0,0.0,1.259653443746841,0,0.0,1.0,0,0.0,False,,
2640.0,0,0.0,0.0,8.771424039638259,0,0.0,1.0,0,0.0,False,,
2645.0,3,0.0,0.0,3.668425424452713,0,0.0,1.0,0,0.0,False,,
2650.0,0,0.0,0.0,11.209303078580362,0,0.0,1.0,0,0.0,False,,
2655.0,0,0.0,0.0,17.665953111676846,0,0.0,1.0,0,0.0,False,,
2660.0,0,0.0,0.0,13.890299361888394,0,0.0,0.4805081678034986,0,0.0,False,,
2665.0,0,0.0,0.0,8.302511662395215,0,0.0,0.40401223594257557,0,0.0,False,,
2670.0,2,7.0,0.7777777777777778,1.9769081116275862,2,7.0,0.050994337843884116,2,7.0,False,,
2675.0,5,18.0,2.25,1.6788530243571491,5,18.0,0.0002143055488817556,5,18.0,False,,
2680.0,4,36.0,5.142857142857143,3.5784082728079842,4,36.0,0.0,4,36.0,False,,
2685.0,2,31.0,5.166666666666667,4.2736938654382355,2,24.0,0.0,2,24.0,False,,
2690.0,2,41.0,5.125,3.102738226217218,2,34.0,0.0,2,34.0,False,,
2695.0,0,0.0,0.0,8.529690952120395,0,0.0,1.0,0,0.0,False,,
2700.0,0,0.0,0.0,16.262980060401052,0,0.0,1.0,0,0.0,False,,
2705.0,2,0.0,0.0,7.895758043074982,0,0.0,0.9672618176172674,0,0.0,False,,
2710.0,0,0.0,0.0,12.822640089174905,0,0.0,0.43915017199522843,0,0.0,False,,
2715.0,1,2.0,0.18181818181818182,16.051507237764852,1,2.0,0.3938856029494993,1,2.0,False,,
2720.0,1,7.0,0.7,10.081872955300035,1,7.0,0.28548563658723,1,7.0,False,,
2725.0,1,12.0,1.3333333333333333,5.252688316684003,1,12.0,0.045032967063155356,1,12.0,False,,
2730.0,4,26.0,3.25,2.8641597647946204,4,26.0,0.0009957291334675544,4,26.0,False,,
2735.0,4,46.0,6.571428571428571,4.527894756937746,4,46.0,0.0,4,46.0,False,,
2740.0,2,40.0,4.444444444444445,5.0548922387107105,2,40.0,0.0,2,40.0,False,,
2745.0,2,50.0,6.25,11.062288893242659,2,23.0,0.0,2,23.0,False,,
2750.0,0,0.0,0.0,14.380533064589898,0,0.0,1.0,0,0.0,False,,
2755.0,0,0.0,0.0,14.721529980841371,0,0.0,0.5485666082417499,0,0.0,False,,
2760.0,0,0.0,0.0,10.309193273796973,0,0.0,0.10646421918662408,0,0.0,False,,
2765.0,1,4.0,0.6666666666666666,5.770990509126514,1,4.0,0.0,1,4.0,False,,
2770.0,0,0.0,0.0,15.010516797346094,0,0.0,1.0,0,0.0,False,,
2775.0,0,0.0,0.0,18.33933181451105,0,0.0,0.9698462801433726,0,0.0,False,,
2780.0,0,0.0,0.0,13.3542430742836,0,0.0,0.3148199654836918,0,0.0,False,,
2785.0,4,0.0,0.0,0.31781765239539145,0,0.0,0.025366423723683907,0,0.0,False,,
2790.0,1,4.0,0.6666666666666666,7.478208111485443,1,4.0,0.0,1,4.0,False,,
2795.0,0,0.0,0.0,15.84827557164004,0,0.0,1.0,0,0.0,False,,
2800.0,0,0.0,0.0,17.057296471141463,0,0.0,0.9349239715204609,0,0.0,False,,
2805.0,0,0.0,0.0,8.723197083246097,0,0.0,0.22045615681838568,0,0.0,False,,
2810.0,0,0.0,0.0,3.040787834661506,0,0.0,0.008846612449643236,0,0.0,False,,
2815.0,1,5.0,2.5,0.6010375887170976,1,5.0,0.0,1,5.0,False,,
2820.0,1,10.0,5.0,3.7032685574054494,1,10.0,0.0,1,10.0,False,,
2825.0,0,0.0,0.0,6.286076095787924,0,0.0,1.0,0,0.0,False,,
2830.0,0,0.0,0.0,17.506852644241796,0,0.0,1.0,0,0.0,False,,
2835.0,0,0.0,0.0,11.07581614654213,0,0.0,0.857355273640309,0,0.0,False,,
2840.0,0,0.0,0.0,11.774370581763872,0,0.0,0.3534404333560251,0,0.0,False,,
2845.0,0,0.0,0.0,11.72713836285948,0,0.0,0.027026433148305763,0,0.0,False,,
2850.0,1,3.0,0.42857142857142855,11.214308892689328,1,3.0,0.5512848968870602,1,3.0,False,,
2855.0,1,8.0,1.6,5.2205200997930445,1,8.0,0.10109271755744954,1,8.0,False,,
2860.0,1,3.0,0.75,2.8607521499142994,1,3.0,0.00942438782645769,1,3.0,False,,
2865.0,1,8.0,2.6666666666666665,4.1142854441484324,1,8.0,0.0,1,8.0,False,,
2870.0,0,0.0,0.0,7.833856892212897,0,0.0,1.0,0,0.0,False,,
2875.0,0,0.0,0.0,12.978975111046111,0,0.0,1.0,0,0.0,False,,
2880.0,0,0.0,0.0,0.0,0,0.0,1.0,0,0.0,False,,
2885.0,3,0.0,0.0,3.599387012118763,0,0.0,1.0,0,0.0,False,,
2890.0,1,0.0,0.0,8.819076380815185,0,0.0,1.0,0,0.0,False,,
2895.0,0,0.0,0.0,16.28936735410148,0,0.0,1.0,0,0.0,False,,
2900.0,0,0.0,0.0,16.240723389154653,0,0.0,0.5559195097680638,0,0.0,False,,
2905.0,0,0.0,0.0,9.672788324121266,0,0.0,0.3227767280996093,0,0.0,False,,
2910.0,3,8.0,0.5714285714285714,5.66395688710125,3,8.0,0.09454076894861105,3,8.0,False,,
2915.0,6,23.0,1.9166666666666667,3.7297946144494314,6,23.0,0.0046897166570069255,6,23.0,False,,
2920.0,6,53.0,5.3,4.2991037258629765,6,53.0,0.0,6,53.0,False,,
2925.0,5,66.0,9.428571428571429,0.9657386981742321,5,66.0,0.0,5,66.0,False,,
2930.0,5,91.0,8.272727272727273,2.8644761665437213,5,91.0,0.0,5,91.0,False,,
2935.0,4,93.0,10.333333333333334,5.520019656085015,4,93.0,0.0,4,93.0,False,,
2940.0,3,87.0,9.666666666666666,10.550783842787679,3,87.0,0.0,3,87.0,False,,
2945.0,1,32.0,2.4615384615384617,9.49916675899897,1,32.0,0.4959744678414692,1,32.0,False,,
2950.0,0,0.0,0.0,12.613547968143198,0,0.0,0.28879074655130454,0,0.0,False,,
2955.0,1,1.0,0.14285714285714285,13.656193105269685,1,1.0,0.003082474863445083,1,1.0,False,,
2960.0,1,6.0,0.8571428571428571,10.150355672230827,1,6.0,0.30155564067098306,1,6.0,False,,
2965.0,1,1.0,0.25,1.4073593969177838,1,1.0,0.032233014303498723,1,1.0,False,,
2970.0,2,9.0,2.25,5.702286805625768,2,9.0,3.758406744936048e-05,2,9.0,False,,
2975.0,1,8.0,4.0,0.5951423559343885,1,8.0,0.0,1,8.0,False,,
2980.0,1,13.0,2.1666666666666665,4.453336095780216,1,13.0,0.0,1,13.0,False,,
2985.0,0,0.0,0.0,13.649174711519407,0,0.0,1.0,0,0.0,False,,
2990.0,0,0.0,0.0,18.03495195776786,0,0.0,1.0,0,0.0,False,,
2995.0,0,0.0,0.0,14.66141271690951,0,0.0,0.5932408266912778,0,0.0,False,,
3000.0,0,0.0,0.0,3.75339268417259,0,0.0,0.08462988261455875,0,0.0,False,,
3005.0,1,4.0,0.6666666666666666,5.208522566055268,1,4.0,0.0,1,4.0,False,,
3010.0,1,9.0,1.5,13.177366101283146,1,5.0,0.0,1,5.0,False,,
3015.0,0,0.0,0.0,16.0384384900431,0,0.0,1.0,0,0.0,False,,
3020.0,0,0.0,0.0,10.033827586173254,0,0.0,0.34476054887435764,0,0.0,False,,
3025.0,4,0.0,0.0,0.3783028484702831,0,0.0,0.029607297617786955,0,0.0,False,,
3030.0,2,8.0,1.1428571428571428,7.645886097053385,2,8.0,0.0,2,8.0,False,,
3035.0,1,8.0,1.3333333333333333,12.493295987372932,1,8.0,0.0,1,8.0,False,,
3040.0,1,13.0,2.1666666666666665,12.421459105080027,1,13.0,0.47859599926865587,1,13.0,False,,
3045.0,0,0.0,0.0,8.319795955516527,0,0.0,0.2990322358479735,0,0.0,False,,
3050.0,1,1.0,0.25,3.1371167770084827,1,1.0,0.005398515074342894,1,1.0,False,,
3055.0,1,6.0,1.5,5.511302660159222,1,5.0,0.0,1,5.0,False,,
3060.0,1,11.0,3.6666666666666665,8.078004632140855,1,10.0,0.0,1,10.0,False,,
3065.0,2,0.0,0.0,3.6942320206590855,0,0.0,1.0,0,0.0,False,,
3070.0,0,0.0,0.0,14.243624881473465,0,0.0,1.0,0,0.0,False,,
3075.0,0,0.0,0.0,14.07020615102504,0,0.0,1.0,0,0.0,False,,
3080.0,0,0.0,0.0,13.902463891243665,0,0.0,0.4004237640711498,0,0.0,False,,
3085.0,0,0.0,0.0,11.598069273128202,0,0.0,0.10089655632284421,0,0.0,False,,
3090.0,3,7.0,0.7,8.353624093440608,3,7.0,0.2595108598164306,3,7.0,False,,
3095.0,2,15.0,1.875,3.132725058806355,2,15.0,0.022906427773612077,2,15.0,False,,
3100.0,4,30.0,4.285714285714286,3.91596847465783,4,30.0,2.0157857058050225e-05,4,30.0,False,,
3105.0,3,32.0,5.333333333333333,5.638042440839303,3,28.0,0.0,3,28.0,False,,
3110.0,2,36.0,9.0,3.4800915559510632,2,32.0,0.0,2,32.0,False,,
3115.0,0,0.0,0.0,7.6109159272389135,0,0.0,1.0,0,0.0,False,,
3120.0,0,0.0,0.0,10.951060506437605,0,0.0,1.0,0,0.0,False,,
3125.0,3,0.0,0.0,4.857888983771531,0,0.0,1.0,0,0.0,False,,
3130.0,0,0.0,0.0,11.871753917580834,0,0.0,1.0,0,0.0,False,,
3135.0,0,0.0,0.0,17.965819855779376,0,0.0,0.7487949243974302,0,0.0,False,,
3140.0,0,0.0,0.0,15.03398864731721,0,0.0,0.5754076038493725,0,0.0,False,,
3145.0,0,0.0,0.0,7.611667229814561,0,0.0,0.37303705645412355,0,0.0,False,,
3150.0,2,7.0,0.7777777777777778,2.3705425828621105,2,7.0,0.03206210534610736,2,7.0,False,,
3155.0,4,24.0,3.4285714285714284,3.88859114540798,4,24.0,5.3257626044523495e-05,4,24.0,False,,
3160.0,2,23.0,4.6,2.9328392248799644,2,23.0,0.0,2,23.0,False,,
3165.0,2,33.0,8.25,5.643427876050657,2,33.0,0.0,2,33.0,False,,
3170.0,0,0.0,0.0,0.968447220430576,0,24.0,0.04348569932476466,0,24.0,False,,
3175.0,0,0.0,0.0,11.560574041160287,0,0.0,1.0,0,0.0,False,,
3180.0,0,0.0,0.0,20.55218446548406,0,0.0,1.0,0,0.0,False,,
3185.0,0,0.0,0.0,11.857402379874628,0,0.0,0.733549796433544,0,0.0,False,,
3190.0,0,0.0,0.0,11.71759815510686,0,0.0,0.14579138323574817,0,0.0,False,,
3195.0,2,5.0,0.7142857142857143,11.879207431227965,2,5.0,0.3354289716337484,2,5.0,False,,
3200.0,1,8.0,1.1428571428571428,7.137519454749525,1,5.0,0.2732920038379062,1,5.0,False,,
3205.0,2,14.0,2.8,5.95597464099366,2,11.0,0.010566424341902745,2,11.0,False,,
3210.0,2,21.0,7.0,0.3788639422112367,2,18.0,0.0,2,18.0,False,,
3215.0,2,31.0,10.333333333333334,2.151419457716137,2,28.0,0.0,2,28.0,False,,
3220.0,1,28.0,4.666666666666667,3.68297218786034,1,37.0,0.024579850902619226,1,37.0,False,,
3225.0,1,33.0,5.5,12.382908339992943,1,30.0,0.0,1,30.0,False,,
3230.0,0,0.0,0.0,16.015579529994234,0,0.0,1.0,0,0.0,False,,
3235.0,0,0.0,0.0,14.76085283986061,0,0.0,0.6976445892614468,0,0.0,False,,
3240.0,0,0.0,0.0,8.620629122260533,0,0.0,0.1471621131656739,0,0.0,False,,
3245.0,3,4.0,0.4,3.527047655037273,1,4.0,0.0,1,4.0,False,,
3250.0,0,0.0,0.0,12.42955829038481,0,0.0,1.0,0,0.0,False,,
3255.0,0,0.0,0.0,17.937936348251622,0,0.0,1.0,0,0.0,False,,
3260.0,0,0.0,0.0,13.713221336981327,0,0.0,0.44220156932558097,0,0.0,False,,
3265.0,4,0.0,0.0,2.7400657513920614,0,0.0,0.12011462019775539,0,0.0,False,,
3270.0,2,5.0,0.5,7.883513773980066,2,5.0,0.0020204203705705428,2,5.0,False,,
3275.0,2,13.0,1.4444444444444444,10.908555595839063,2,13.0,0.0,2,13.0,False,,
3280.0,2,23.0,2.875,11.56126753015476,2,23.0,0.33445359722915446,2,23.0,False,,
3285.0,1,18.0,2.5714285714285716,7.764449242663202,1,18.0,0.2495699721374734,1,18.0,False,,
3290.0,1,23.0,3.8333333333333335,5.938410803746726,1,23.0,0.015478410922082972,1,23.0,False,,
3295.0,2,8.0,1.6,5.324852378278985,2,8.0,0.0,2,8.0,False,,
3300.0,1,10.0,2.5,8.313334900476008,1,10.0,0.0,1,10.0,False,,
3305.0,0,0.0,0.0,7.25854455306475,0,0.0,1.0,0,0.0,False,,
3310.0,0,0.0,0.0,15.704593058207045,0,0.0,1.0,0,0.0,False,,
3315.0,0,0.0,0.0,10.405741384070879,0,0.0,1.0,0,0.0,False,,
3320.0,0,0.0,0.0,13.97440296819206,0,0.0,0.6862264580353808,0,0.0,False,,
3325.0,0,0.0,0.0,14.76096625778456,0,0.0,0.2021028252531885,0,0.0,False,,
3330.0,1,2.0,0.3333333333333333,10.014734574365214,1,2.0,0.4646841836516166,1,2.0,False,,
3335.0,1,7.0,1.75,1.825391481485395,1,7.0,0.07843319518016549,1,7.0,False,,
3340.0,2,15.0,3.75,2.1716189733645317,2,15.0,0.0027477261037007657,2,15.0,False,,
3345.0,2,13.0,4.333333333333333,0.38495508271523166,2,13.0,0.0,2,13.0,False,,
3350.0,1,13.0,4.333333333333333,3.9100177907821974,1,13.0,0.0,1,13.0,False,,
3355.0,0,0.0,0.0,8.080686754612957,0,0.0,1.0,0,0.0,False,,
3360.0,0,0.0,0.0,12.492658405390852,0,0.0,1.0,0,0.0,False,,
3365.0,3,0.0,0.0,3.6866143859212706,0,0.0,1.0,0,0.0,False,,
3370.0,0,0.0,0.0,11.365008530369144,0,0.0,1.0,0,0.0,False,,
3375.0,0,0.0,0.0,17.978092372438795,0,0.0,0.9749098657817135,0,0.0,False,,
3380.0,0,0.0,0.0,14.14441425414259,0,0.0,0.44734261847433576,0,0.0,False,,
3385.0,0,0.0,0.0,8.180293297729072,0,0.0,0.37123087767842583,0,0.0,False,,
3390.0,2,6.0,0.6666666666666666,2.518671513691285,2,6.0,0.05988487629219692,2,6.0,False,,
3395.0,4,21.0,3.0,3.9637867073459425,4,21.0,7.566644627104452e-05,4,21.0,False,,
3400.0,2,22.0,4.4,2.723548292553906,2,20.0,0.0,2,20.0,False,,
3405.0,2,32.0,8.0,5.772641864827471,2,30.0,0.0,2,30.0,False,,
3410.0,0,0.0,0.0,1.0003919500581702,0,0.0,1.0,0,0.0,False,,
3415.0,0,0.0,0.0,12.029110995320863,0,0.0,1.0,0,0.0,False,,
3420.0,0,0.0,0.0,19.883908354539805,0,0.0,1.0,0,0.0,False,,
3425.0,1,0.0,0.0,8.11547967620509,0,0.0,0.7290593538409911,0,0.0,False,,
3430.0,0,0.0,0.0,11.7074718646439,0,0.0,0.17933586094887324,0,0.0,False,,
3435.0,1,3.0,0.2727272727272727,14.791711492594027,1,3.0,0.003095106130176281,1,3.0,False,,
3440.0,1,8.0,0.7272727272727273,9.820137359827463,1,8.0,0.32608317727827474,1,8.0,False,,
3445.0,2,14.0,1.5555555555555556,5.708126909803598,2,14.0,0.05596194231575028,2,14.0,False,,
3450.0,5,33.0,4.714285714285714,2.2261216996117654,5,33.0,0.00013242794315637918,5,33.0,False,,
3455.0,3,39.0,5.571428571428571,2.4244810520187943,3,39.0,0.0,3,39.0,False,,
3460.0,4,57.0,5.181818181818182,5.381492347953197,3,54.0,0.0,3,54.0,False,,
3465.0,2,50.0,5.555555555555555,10.03106896541408,2,50.0,0.0,2,50.0,False,,
3470.0,2,60.0,7.5,12.770516338797872,2,60.0,0.0,2,60.0,False,,
3475.0,0,0.0,0.0,9.874644296510384,0,0.0,0.6498615544016831,0,0.0,False,,
3480.0,0,0.0,0.0,8.991421600545204,0,0.0,0.09443879812452818,0,0.0,False,,
3485.0,1,4.0,0.5714285714285714,7.088694622018228,1,4.0,0.0,1,4.0,False,,
3490.0,1,9.0,1.5,13.374125343622154,1,9.0,0.0,1,9.0,False,,
3495.0,0,0.0,0.0,16.49955269027743,0,0.0,0.9878034733418253,0,0.0,False,,
3500.0,0,0.0,0.0,12.813349155938402,0,0.0,0.34123208052488757,0,0.0,False,,
3505.0,4,0.0,0.0,0.4275089221740613,0,0.0,0.04854917364242189,0,0.0,False,,
3510.0,1,3.0,0.5,7.66744172733619,1,3.0,2.3898875378336835e-05,1,3.0,False,,
3515.0,0,0.0,0.0,15.633424280253468,0,0.0,1.0,0,0.0,False,,
3520.0,0,0.0,0.0,16.496743666360956,0,0.0,0.9634763946504931,0,0.0,False,,
3525.0,0,0.0,0.0,7.686808622131925,0,0.0,0.39227216470117,0,0.0,False,,
3530.0,1,1.0,0.3333333333333333,3.0860036020104675,1,1.0,0.04626715871740839,1,1.0,False,,
3535.0,1,6.0,3.0,0.5915894272777837,1,6.0,0.0,1,6.0,False,,
3540.0,1,11.0,5.5,1.9161158874049933,1,11.0,0.0,1,11.0,False,,
3545.0,0,0.0,0.0,7.608587065523232,0,0.0,1.0,0,0.0,False,,
3550.0,0,0.0,0.0,16.020822115692123,0,0.0,1.0,0,0.0,False,,
3555.0,0,0.0,0.0,10.665335730051632,0,0.0,1.0,0,0.0,False,,
3560.0,0,0.0,0.0,12.02421842339191,0,0.0,0.4691567110827588,0,0.0,False,,
3565.0,0,0.0,0.0,12.724255375116536,0,0.0,0.10778552908012441,0,0.0,False,,
3570.0,2,7.0,1.0,10.024633139993606,2,7.0,0.4064616223511866,2,7.0,False,,
3575.0,2,17.0,3.4,2.3485574551526804,2,17.0,0.042515568129615114,2,17.0,False,,
3580.0,3,18.0,4.5,0.3109986220150007,3,18.0,0.0005697972954350612,3,18.0,False,,
3585.0,2,27.0,6.75,2.9479882684601297,2,27.0,0.0,2,27.0,False,,
3590.0,1,12.0,3.0,6.708675313339967,1,12.0,0.0,1,12.0,False,,
3595.0,1,17.0,8.5,3.2368201398043945,1,5.0,0.0,1,5.0,False,,
3600.0,0,0.0,0.0,1.135343370878771,0,0.0,1.0,0,0.0,False,,
3605.0,3,0.0,0.0,4.641670323653013,0,0.0,1.0,0,0.0,False,,
3610.0,2,0.0,0.0,8.62811174459222,0,0.0,1.0,0,0.0,False,,
3615.0,0,0.0,0.0,16.35748332524441,0,0.0,0.9872843088449355,0,0.0,False,,
3620.0,0,0.0,0.0,15.64428899257742,0,0.0,0.48482176209065,0,0.0,False,,
3625.0,0,0.0,0.0,9.791476933915103,0,0.0,0.3394040746755264,0,0.0,False,,
3630.0,2,6.0,0.42857142857142855,6.414742123005951,2,6.0,0.14812247585428884,2,6.0,False,,
3635.0,5,22.0,2.2,4.629396359748924,5,22.0,0.007271609537882595,5,22.0,False,,
3640.0,4,31.0,3.875,2.1601160145105016,4,31.0,0.0,4,31.0,False,,
3645.0,4,42.0,5.25,6.0980293950993945,3,26.0,0.0,3,26.0,False,,
3650.0,2,20.0,2.0,3.4394316248944037,1,30.0,0.02624181548206703,1,30.0,False,,
3655.0,0,0.0,0.0,11.308529366426065,0,0.0,1.0,0,0.0,False,,
3660.0,0,0.0,0.0,16.712766917730477,0,0.0,1.0,0,0.0,False,,
3665.0,0,0.0,0.0,13.026882385643578,0,0.0,0.9188357372543994,0,0.0,False,,
3670.0,0,0.0,0.0,13.7765606251412,0,0.0,0.2043784202094525,0,0.0,False,,
3675.0,1,2.0,0.3333333333333333,12.56345562074511,1,2.0,0.001693929740894134,1,2.0,False,,
3680.0,0,0.0,0.0,9.744896690916748,0,0.0,0.6197862041566379,0,0.0,False,,
3685.0,0,0.0,0.0,7.902331707639574,0,0.0,0.11365436242108862,0,0.0,False,,
3690.0,1,2.0,1.0,0.6146736837068827,1,2.0,0.002108506941295326,1,2.0,False,,
3695.0,1,7.0,3.5,3.0344134229420865,1,7.0,0.0,1,7.0,False,,
3700.0,0,0.0,0.0,4.310832561359963,0,0.0,1.0,0,0.0,False,,
3705.0,0,0.0,0.0,14.6963914401343,0,0.0,1.0,0,0.0,False,,
3710.0,0,0.0,0.0,18.127943640065148,0,0.0,1.0,0,0.0,False,,
3715.0,0,0.0,0.0,15.670510264414677,0,0.0,0.7827037174826047,0,0.0,False,,
3720.0,0,0.0,0.0,7.9946499016442445,0,0.0,0.17501900062814552,0,0.0,False,,
3725.0,1,2.0,0.3333333333333333,6.10797487110549,1,2.0,0.0006759081343357833,1,2.0,False,,
3730.0,0,0.0,0.0,15.457275404322322,0,0.0,1.0,0,0.0,False,,
3735.0,0,0.0,0.0,18.30656584251786,0,0.0,1.0,0,0.0,False,,
3740.0,0,0.0,0.0,14.160575024347445,0,0.0,0.3750998946765557,0,0.0,False,,
3745.0,4,0.0,0.0,0.37334820737956226,0,0.0,0.046685138227850975,0,0.0,False,,
3750.0,1,3.0,0.5,7.535267135021821,1,3.0,0.0,1,3.0,False,,
3755.0,0,0.0,0.0,15.335672807011452,0,0.0,1.0,0,0.0,False,,
3760.0,0,0.0,0.0,16.88712946827482,0,0.0,0.9905624407746554,0,0.0,False,,
3765.0,0,0.0,0.0,6.8088022893105515,0,0.0,0.34360116058431295,0,0.0,False,,
3770.0,0,0.0,0.0,2.598557109494625,0,0.0,0.016274887549280262,0,0.0,False,,
3775.0,1,4.0,2.0,0.5672645923508717,1,4.0,0.0,1,4.0,False,,
3780.0,1,9.0,4.5,2.000834841095316,1,5.0,0.0,1,5.0,False,,
3785.0,2,0.0,0.0,4.838930767380015,0,0.0,1.0,0,0.0,False,,
3790.0,0,0.0,0.0,14.328015182416515,0,0.0,1.0,0,0.0,False,,
3795.0,0,0.0,0.0,13.76843558849596,0,0.0,0.7495740579377815,0,0.0,False,,
3800.0,0,0.0,0.0,14.571786354426791,0,0.0,0.45091687855733786,0,0.0,False,,
3805.0,0,0.0,0.0,11.33339271423586,0,0.0,0.12960296216288453,0,0.0,False,,
3810.0,3,6.0,0.6,8.531595611224212,3,6.0,0.24079312188291507,3,6.0,False,,
3815.0,2,15.0,1.875,3.849295328328397,2,15.0,0.04231747963729897,2,15.0,False,,
3820.0,4,28.0,4.0,4.245817279846015,4,28.0,0.0005428935278413958,4,28.0,False,,
3825.0,3,30.0,5.0,4.859218825279415,3,45.0,0.01269829189750583,3,45.0,False,,
3830.0,2,34.0,8.5,3.4318249859984027,2,32.0,0.0,2,32.0,False,,
3835.0,0,0.0,0.0,6.622486234551587,0,0.0,1.0,0,0.0,False,,
3840.0,0,0.0,0.0,10.395273866023707,0,0.0,1.0,0,0.0,False,,
3845.0,3,0.0,0.0,4.81087119389802,0,0.0,1.0,0,0.0,False,,
3850.0,0,0.0,0.0,11.960978377133882,0,0.0,1.0,0,0.0,False,,
3855.0,0,0.0,0.0,18.450037098387842,0,0.0,1.0,0,0.0,False,,
3860.0,0,0.0,0.0,14.44417203334694,0,0.0,0.6129901889723474,0,0.0,False,,
3865.0,0,0.0,0.0,10.354475943483642,0,0.0,0.42782760867123637,0,0.0,False,,
3870.0,2,6.0,0.75,2.3510450271821948,2,6.0,0.05923885328819404,2,6.0,False,,
3875.0,4,17.0,2.4285714285714284,1.5850727830956715,4,17.0,0.0009349800944141607,4,17.0,False,,
3880.0,3,31.0,5.166666666666667,4.4271388773040234,3,31.0,0.0,3,31.0,False,,
3885.0,1,13.0,2.6,4.6426430014108835,1,13.0,0.0,1,13.0,False,,
3890.0,1,18.0,2.25,4.916581180731688,1,18.0,0.0,1,18.0,False,,
3895.0,0,0.0,0.0,10.569557297659296,0,0.0,1.0,0,0.0,False,,
3900.0,0,0.0,0.0,17.95978156749296,0,0.0,1.0,0,0.0,False,,
3905.0,0,0.0,0.0,12.019012693477322,0,0.0,0.720512966069683,0,0.0,False,,
3910.0,0,0.0,0.0,11.788474434611064,0,0.0,0.1451919352776234,0,0.0,False,,
3915.0,2,4.0,0.5714285714285714,12.289085544268898,2,4.0,0.3270249591484445,2,4.0,False,,
3920.0,1,8.0,1.1428571428571428,8.482032296192287,1,10.0,0.25387624297260203,1,10.0,False,,
3925.0,1,13.0,2.6,5.756846607887062,1,10.0,0.01954335833863211,1,10.0,False,,
3930.0,2,23.0,7.666666666666667,0.4404433962035639,2,20.0,0.0,2,20.0,False,,
3935.0,2,33.0,11.0,3.3613946487501365,2,30.0,0.0,2,30.0,False,,
3940.0,1,28.0,4.666666666666667,3.5173511276911213,1,25.0,0.0,1,25.0,False,,
3945.0,1,33.0,5.5,11.908199257630358,1,30.0,0.0,1,30.0,False,,
3950.0,0,0.0,0.0,16.494227705488644,0,0.0,1.0,0,0.0,False,,
3955.0,0,0.0,0.0,14.993906260518326,0,0.0,0.6729403246481155,0,0.0,False,,
3960.0,0,0.0,0.0,7.8205067838394235,0,0.0,0.10196532762788946,0,0.0,False,,
3965.0,3,4.0,0.4,3.5630757954007373,1,4.0,0.0,1,4.0,False,,
3970.0,0,0.0,0.0,12.79255065108182,0,0.0,1.0,0,0.0,False,,
3975.0,0,0.0,0.0,17.410133552977722,0,0.0,1.0,0,0.0,False,,
3980.0,0,0.0,0.0,14.137668854026916,0,0.0,0.5685402809111311,0,0.0,False,,
3985.0,4,0.0,0.0,3.2091120033124496,0,0.0,0.17462444521916673,0,0.0,False,,
3990.0,1,3.0,0.3,7.065372009211195,1,3.0,0.005172578203989379,1,3.0,False,,
3995.0,2,13.0,1.4444444444444444,10.732806673720953,2,17.0,0.01756007131600707,2,17.0,False,,
4000.0,2,23.0,2.875,11.431444956514115,2,23.0,0.3292422536355852,2,23.0,False,,
4005.0,2,33.0,5.5,6.061045836762475,2,33.0,0.13153272903575722,2,33.0,False,,
4010.0,2,21.0,3.5,5.323174911773557,2,21.0,0.00896875607944716,2,21.0,False,,
4015.0,2,31.0,7.75,3.287317216311563,2,31.0,0.0,2,31.0,False,,
4020.0,0,0.0,0.0,6.754190684976715,0,0.0,1.0,0,0.0,False,,
4025.0,0,0.0,0.0,8.824029851524251,0,0.0,1.0,0,0.0,False,,
4030.0,0,0.0,0.0,17.321007353044514,0,0.0,1.0,0,0.0,False,,
4035.0,0,0.0,0.0,11.63423621445892,0,0.0,1.0,0,0.0,False,,
4040.0,0,0.0,0.0,14.330725406100543,0,0.0,0.45802505621317047,0,0.0,False,,
4045.0,0,0.0,0.0,14.291822803172218,0,0.0,0.08677070820730115,0,0.0,False,,
4050.0,1,2.0,0.3333333333333333,11.32842363702437,1,2.0,0.4430718673825111,1,2.0,False,,
4055.0,0,0.0,0.0,1.7564270479138218,0,0.0,0.09425364462057984,0,0.0,False,,
4060.0,2,6.0,1.5,2.9729855845599484,2,6.0,0.0001238895138177407,2,6.0,False,,
4065.0,1,8.0,2.0,6.2699133720393565,1,5.0,0.0,1,5.0,False,,
4070.0,1,13.0,6.5,4.180487310548244,1,10.0,0.0,1,10.0,False,,
4075.0,0,0.0,0.0,1.3045162564228736,0,0.0,1.0,0,0.0,False,,
4080.0,0,0.0,0.0,14.399903967428418,0,0.0,1.0,0,0.0,False,,
4085.0,3,0.0,0.0,3.626853906988555,0,0.0,1.0,0,0.0,False,,
4090.0,0,0.0,0.0,10.93292639629871,0,0.0,1.0,0,0.0,False,,
4095.0,0,0.0,0.0,18.147643581082153,0,0.0,1.0,0,0.0,False,,
4100.0,0,0.0,0.0,15.248798054952621,0,0.0,0.49957797675551713,0,0.0,False,,
4105.0,0,0.0,0.0,7.87197650815927,0,0.0,0.30424213722909066,0,0.0,False,,
4110.0,3,9.0,1.0,1.8177639344921148,3,9.0,0.034384248338454125,3,9.0,False,,
4115.0,5,24.0,3.0,1.7150807215800503,5,24.0,0.0008512182594543446,5,24.0,False,,
4120.0,4,43.0,6.142857142857143,3.9698261050114145,4,37.0,0.0,4,37.0,False,,
4125.0,2,34.0,6.8,2.007321346537453,2,25.0,0.0,2,25.0,False,,
4130.0,2,44.0,5.5,3.419546404540645,2,35.0,0.0,2,35.0,False,,
4135.0,0,0.0,0.0,8.59890126928621,0,0.0,1.0,0,0.0,False,,
4140.0,0,0.0,0.0,16.40664429248924,0,0.0,1.0,0,0.0,False,,
4145.0,2,0.0,0.0,7.920681924770115,0,0.0,0.9927368408883541,0,0.0,False,,
4150.0,0,0.0,0.0,12.475073333721449,0,0.0,0.22565434148803398,0,0.0,False,,
4155.0,1,2.0,0.18181818181818182,15.153094252488273,1,2.0,0.5958789209495571,1,2.0,False,,
4160.0,1,7.0,0.7,10.227859488403244,1,7.0,0.306967985227253,1,7.0,False,,
4165.0,3,14.0,1.5555555555555556,5.3236014472690165,3,14.0,0.06925269415113866,3,14.0,False,,
4170.0,3,24.0,3.0,4.311327139376547,3,23.0,0.0026479564975863223,3,23.0,False,,
4175.0,4,44.0,6.285714285714286,3.2120364176894376,4,43.0,0.0,4,43.0,False,,
4180.0,3,40.0,4.0,4.608252708700178,2,38.0,0.0,2,38.0,False,,
4185.0,2,48.0,5.333333333333333,10.61330007311444,2,48.0,0.0,2,48.0,False,,
4190.0,0,0.0,0.0,14.665825287521228,0,0.0,1.0,0,0.0,False,,
4195.0,0,0.0,0.0,13.907959859351555,0,0.0,0.6141808063415422,0,0.0,False,,
4200.0,0,0.0,0.0,9.699126038845545,0,0.0,0.11515817434919177,0,0.0,False,,
4205.0,1,4.0,0.5714285714285714,7.829282090322103,1,4.0,0.0,1,4.0,False,,
4210.0,0,0.0,0.0,14.468228391369593,0,0.0,1.0,0,0.0,False,,
4215.0,0,0.0,0.0,17.662678174845542,0,0.0,1.0,0,0.0,False,,
4220.0,0,0.0,0.0,15.125119149713115,0,0.0,0.5714484291999355,0,0.0,False,,
4225.0,4,0.0,0.0,0.8758796140145355,0,0.0,0.2207655145344212,0,0.0,False,,
4230.0,1,2.0,0.3333333333333333,7.380646161642493,1,2.0,0.0008993781017356398,1,2.0,False,,
4235.0,0,0.0,0.0,14.662762276200217,0,0.0,1.0,0,0.0,False,,
4240.0,0,0.0,0.0,16.69320176530811,0,0.0,0.9930033912665454,0,0.0,False,,
4245.0,0,0.0,0.0,10.132300035757654,0,0.0,0.30471624429168637,0,0.0,False,,
4250.0,1,1.0,0.3333333333333333,2.503114427491091,1,1.0,0.010070789574372976,1,1.0,False,,
4255.0,1,6.0,3.0,0.6106315711861237,1,5.0,0.0,1,5.0,False,,
4260.0,1,11.0,5.5,3.6008828121560903,1,10.0,0.0,1,10.0,False,,
4265.0,0,0.0,0.0,6.273877142791955,0,0.0,1.0,0,0.0,False,,
4270.0,0,0.0,0.0,17.521352708166614,0,0.0,1.0,0,0.0,False,,
4275.0,0,0.0,0.0,11.071071936897372,0,0.0,0.9728467091818059,0,0.0,False,,
4280.0,0,0.0,0.0,13.689413416563129,0,0.0,0.3384020795348776,0,0.0,False,,
4285.0,0,0.0,0.0,14.499289201971024,0,0.0,0.0346479476573954,0,0.0,False,,
4290.0,1,3.0,0.5,10.6874571896927,1,3.0,0.45809360029345064,1,3.0,False,,
4295.0,1,8.0,2.0,2.1746467804128864,1,8.0,0.06444397068002321,1,8.0,False,,
4300.0,2,16.0,4.0,2.5316694504220134,2,16.0,0.0019009653515832759,2,16.0,False,,
4305.0,2,13.0,4.333333333333333,0.38890376877385585,2,13.0,0.0,2,13.0,False,,
4310.0,1,13.0,4.333333333333333,4.434331708373748,1,13.0,0.0,1,13.0,False,,
4315.0,0,0.0,0.0,4.60530298313575,0,0.0,1.0,0,0.0,False,,
4320.0,0,0.0,0.0,12.778330000447685,0,0.0,1.0,0,0.0,False,,
4325.0,3,0.0,0.0,3.6469003046287707,0,0.0,1.0,0,0.0,False,,
4330.0,1,0.0,0.0,8.94349390190572,0,0.0,1.0,0,0.0,False,,
4335.0,0,0.0,0.0,16.325053075914568,0,0.0,1.0,0,0.0,False,,
4340.0,0,0.0,0.0,15.572394540828704,0,0.0,0.43699961875245114,0,0.0,False,,
4345.0,0,0.0,0.0,9.477768990541406,0,0.0,0.37185674040673516,0,0.0,False,,
4350.0,3,7.0,0.5,5.948241355299978,3,7.0,0.09459679486465812,3,7.0,False,,
4355.0,6,22.0,1.8333333333333333,3.486681947270396,6,22.0,0.002831853690097322,6,22.0,False,,
4360.0,6,50.0,5.0,4.0946619037165295,6,50.0,0.0,6,50.0,False,,
4365.0,4,52.0,6.5,4.2201603977037285,4,46.0,0.0,4,46.0,False,,
4370.0,3,58.0,5.8,2.6800156076677673,3,52.0,0.0,3,52.0,False,,
4375.0,1,22.0,2.4444444444444446,8.149619472490434,1,22.0,0.0,1,22.0,False,,
4380.0,0,0.0,0.0,15.024045823151596,0,0.0,1.0,0,0.0,False,,
4385.0,0,0.0,0.0,12.544224730784466,0,0.0,0.9609149927228475,0,0.0,False,,
4390.0,0,0.0,0.0,13.916095289233478,0,0.0,0.21685229855248916,0,0.0,False,,
4395.0,0,0.0,0.0,13.121434061847014,0,0.0,0.3809719046158785,0,0.0,False,,
4400.0,1,5.0,0.8333333333333334,8.526092026051296,1,5.0,0.29862899029915885,1,5.0,False,,
4405.0,2,11.0,2.75,2.1211630791131055,2,11.0,0.004051294089745243,2,11.0,False,,
4410.0,2,20.0,5.0,3.2902929197804234,2,20.0,0.0,2,20.0,False,,
4415.0,2,30.0,10.0,2.2042530547074217,2,10.0,0.0,2,10.0,False,,
4420.0,1,25.0,4.166666666666667,3.917849057345625,1,10.0,0.0,1,10.0,False,,
4425.0,1,30.0,5.0,13.440218365260575,1,15.0,0.0,1,15.0,False,,
4430.0,0,0.0,0.0,16.802315637203293,0,0.0,1.0,0,0.0,False,,
4435.0,0,0.0,0.0,14.305206673601432,0,0.0,0.5771800500183757,0,0.0,False,,
4440.0,0,0.0,0.0,7.195917297170108,0,0.0,0.10636383607345717,0,0.0,False,,
4445.0,1,5.0,0.8333333333333334,5.654737302866878,1,5.0,0.0,1,5.0,False,,
4450.0,0,0.0,0.0,14.104584606183707,0,0.0,1.0,0,0.0,False,,
4455.0,0,0.0,0.0,17.860989393083013,0,0.0,1.0,0,0.0,False,,
4460.0,0,0.0,0.0,12.811052594215358,0,0.0,0.3964261376353513,0,0.0,False,,
4465.0,4,0.0,0.0,0.4016561105246718,0,0.0,0.0425664964251113,0,0.0,False,,
4470.0,1,3.0,0.5,7.517323027049289,1,3.0,0.0,1,3.0,False,,
4475.0,0,0.0,0.0,15.475054585178434,0,0.0,1.0,0,0.0,False,,
4480.0,0,0.0,0.0,15.70076264255278,0,0.0,1.0008733322540528,0,0.0,False,,
4485.0,0,0.0,0.0,9.31686027934537,0,0.0,0.34401433190217173,0,0.0,False,,
4490.0,1,1.0,0.3333333333333333,3.6667842179989947,1,1.0,0.06786485066239076,1,1.0,False,,
4495.0,2,8.0,4.0,0.005875901072073697,2,8.0,0.00033995983084073646,2,8.0,False,,
4500.0,1,11.0,5.5,0.6131273206971779,1,11.0,0.0,1,11.0,False,,
4505.0,3,16.0,1.6,3.8645298087524282,1,16.0,0.0,1,16.0,False,,
4510.0,0,0.0,0.0,13.354360014508975,0,0.0,1.0,0,0.0,False,,
4515.0,0,0.0,0.0,13.906715418201836,0,0.0,1.0,0,0.0,False,,
4520.0,0,0.0,0.0,13.099373213021773,0,0.0,0.3824000035334434,0,0.0,False,,
4525.0,2,2.0,0.18181818181818182,9.983870359346803,2,2.0,0.06024543328094721,2,2.0,False,,
4530.0,2,9.0,0.8181818181818182,8.175389356222205,2,9.0,0.24589169674923023,2,9.0,False,,
4535.0,3,24.0,2.4,4.810574972532956,3,18.0,0.05308499735547695,3,18.0,False,,
4540.0,3,19.0,2.375,3.3753138057649643,3,19.0,0.002475803203644815,3,19.0,False,,
4545.0,3,33.0,4.714285714285714,5.739448296249167,3,33.0,0.0,3,33.0,False,,
4550.0,2,25.0,5.0,5.4901607218576505,2,15.0,0.0,2,15.0,False,,
4555.0,1,20.0,6.666666666666667,4.329419423700775,1,10.0,0.0,1,10.0,False,,
4560.0,0,0.0,0.0,8.895822039604612,0,0.0,1.0,0,0.0,False,,
4565.0,3,0.0,0.0,5.010136944749167,0,0.0,1.0,0,0.0,False,,
4570.0,0,0.0,0.0,10.779450492398896,0,0.0,1.0,0,0.0,False,,
4575.0,0,0.0,0.0,17.97402475469701,0,0.0,1.0,0,0.0,False,,
4580.0,0,0.0,0.0,14.455996787258629,0,0.0,0.524813484781259,0,0.0,False,,
4585.0,0,0.0,0.0,8.706888019722818,0,0.0,0.26437867271234405,0,0.0,False,,
4590.0,2,8.0,0.8888888888888888,2.5461385711261224,2,8.0,0.06759527252569317,2,8.0,False,,
4595.0,5,19.0,2.375,1.666835066944555,5,19.0,0.0011212046592746494,5,19.0,False,,
4600.0,4,38.0,5.428571428571429,3.9522972605333857,4,38.0,0.0,4,38.0,False,,
4605.0,2,32.0,6.4,2.0797629162019726,2,32.0,0.0,2,32.0,False,,
4610.0,2,42.0,5.25,3.054777636545377,2,30.0,0.0,2,30.0,False,,
4615.0,0,0.0,0.0,8.644247666775792,0,0.0,1.0,0,0.0,False,,
4620.0,0,0.0,0.0,16.304921421621586,0,0.0,1.0,0,0.0,False,,
4625.0,0,0.0,0.0,12.783875247619077,0,0.0,0.9957260774212261,0,0.0,False,,
4630.0,0,0.0,0.0,11.770749783952269,0,0.0,0.21606096294140945,0,0.0,False,,
4635.0,1,2.0,0.2857142857142857,12.226037920641769,1,2.0,0.021147055706131113,1,2.0,False,,
4640.0,2,10.0,1.6666666666666667,8.210061031490614,2,10.0,0.2439390787282922,2,10.0,False,,
4645.0,2,14.0,2.8,3.594403038885299,2,14.0,0.030767447211738574,2,14.0,False,,
4650.0,2,24.0,6.0,3.2099015097340633,2,12.0,0.0,2,12.0,False,,
4655.0,1,22.0,5.5,6.608962383140046,1,10.0,0.0,1,10.0,False,,
4660.0,1,27.0,4.5,4.714645805461057,1,15.0,0.0,1,15.0,False,,
4665.0,0,0.0,0.0,12.723321900541752,0,0.0,1.0,0,0.0,False,,
4670.0,0,0.0,0.0,17.548809776438276,0,0.0,1.0,0,0.0,False,,
4675.0,0,0.0,0.0,13.960643479808551,0,0.0,0.7607368996219579,0,0.0,False,,
4680.0,0,0.0,0.0,7.040881959009714,0,0.0,0.14158738130187384,0,0.0,False,,
4685.0,3,3.0,0.3,3.386779095495483,1,3.0,0.0,1,3.0,False,,
4690.0,0,0.0,0.0,12.152544872862155,0,7.0,0.04422036210186522,0,7.0,False,,
4695.0,0,0.0,0.0,17.824902180613513,0,0.0,1.0,0,0.0,False,,
4700.0,0,0.0,0.0,13.699552927097443,0,0.0,0.40940954962325277,0,0.0,False,,
4705.0,4,0.0,0.0,2.9634193939336897,0,0.0,0.18833993800754034,0,0.0,False,,
4710.0,2,6.0,0.6,8.106226413754047,2,6.0,0.011121635343798808,2,6.0,False,,
4715.0,2,13.0,1.4444444444444444,11.446865520773512,2,13.0,0.0,2,13.0,False,,
4720.0,2,23.0,2.875,11.42252727723841,2,23.0,0.33329272715432834,2,23.0,False,,
4725.0,1,19.0,2.7142857142857144,6.778250508305916,1,19.0,0.16155734668913171,1,19.0,False,,
4730.0,2,25.0,4.166666666666667,5.603190428885955,2,25.0,0.012855857682403228,2,25.0,False,,
4735.0,2,9.0,1.8,5.417147354782356,2,9.0,0.0,2,9.0,False,,
4740.0,1,11.0,2.75,7.454683456351619,1,11.0,0.0,1,11.0,False,,
4745.0,0,0.0,0.0,6.645756752410631,0,0.0,1.0,0,0.0,False,,
4750.0,0,0.0,0.0,16.49583195311711,0,0.0,1.0,0,0.0,False,,
4755.0,0,0.0,0.0,10.923089027693832,0,0.0,1.0,0,0.0,False,,
4760.0,0,0.0,0.0,14.075691327216102,0,0.0,0.4799409084047185,0,0.0,False,,
4765.0,0,0.0,0.0,14.755715963051026,0,0.0,0.16933619668884725,0,0.0,False,,
4770.0,1,1.0,0.16666666666666666,10.879531483100253,1,1.0,0.44738219229035714,1,1.0,False,,
4775.0,1,6.0,1.5,2.3971448621205895,1,6.0,0.0752764531034152,1,6.0,False,,
4780.0,2,14.0,3.5,2.26982639023247,2,14.0,0.0023761608970990214,2,14.0,False,,
4785.0,2,13.0,4.333333333333333,0.3799942548916729,2,13.0,0.0,2,13.0,False,,
4790.0,1,13.0,4.333333333333333,4.167848472687909,1,13.0,0.0,1,13.0,False,,
4795.0,0,0.0,0.0,7.714467314589963,0,0.0,1.0,0,0.0,False,,
4800.0,0,0.0,0.0,13.007643414271213,0,0.0,1.0,0,0.0,False,,
4805.0,3,0.0,0.0,3.647277599513037,0,0.0,1.0,0,0.0,False,,
4810.0,0,0.0,0.0,10.81449430867454,0,0.0,1.0,0,0.0,False,,
4815.0,0,0.0,0.0,17.606570602018376,0,0.0,0.741620208626609,0,0.0,False,,
4820.0,0,0.0,0.0,15.165523405490525,0,0.0,0.5821894259902656,0,0.0,False,,
4825.0,0,0.0,0.0,8.237254957333455,0,0.0,0.33745825860007433,0,0.0,False,,
4830.0,2,6.0,0.6666666666666666,2.1828966377290797,2,6.0,0.029794357537193422,2,6.0,False,,
4835.0,4,23.0,3.2857142857142856,3.910281127884386,4,23.0,4.665522919055813e-05,4,23.0,False,,
4840.0,2,23.0,4.6,2.723120539857328,2,20.0,0.0,2,20.0,False,,
4845.0,2,33.0,8.25,5.553927193269265,2,30.0,0.0,2,30.0,False,,
4850.0,0,0.0,0.0,1.0040391503109918,0,0.0,1.0,0,0.0,False,,
4855.0,0,0.0,0.0,11.970714556887662,0,0.0,1.0,0,0.0,False,,
4860.0,0,0.0,0.0,19.38720566899684,0,0.0,1.0,0,0.0,False,,
4865.0,1,0.0,0.0,7.822282748321708,0,0.0,0.7753596182654188,0,0.0,False,,
4870.0,0,0.0,0.0,12.499792107786662,0,0.0,0.2102537360443443,0,0.0,False,,
4875.0,2,4.0,0.36363636363636365,14.539562782283856,2,4.0,0.33252659745650415,2,4.0,False,,
4880.0,1,8.0,0.7272727272727273,9.129754960857598,1,8.0,0.3000708226342549,1,8.0,False,,
4885.0,2,14.0,1.5555555555555556,6.411062883723051,2,14.0,0.06933775699221055,2,14.0,False,,
4890.0,5,33.0,4.714285714285714,2.318351436383352,5,20.0,0.00039162594225835917,5,20.0,False,,
4895.0,3,39.0,5.571428571428571,2.7623574047857167,3,26.0,0.0,3,26.0,False,,
4900.0,3,54.0,4.909090909090909,5.883301649519158,3,41.0,0.0,3,41.0,False,,
4905.0,2,50.0,5.555555555555555,11.78870914430452,2,37.0,0.0,2,37.0,False,,
4910.0,2,60.0,8.571428571428571,13.749293009475565,2,47.0,0.0,2,47.0,False,,
4915.0,0,0.0,0.0,9.404576018245889,0,0.0,0.4993518621662842,0,0.0,False,,
4920.0,0,0.0,0.0,9.105125608413694,0,0.0,0.08649319723603358,0,0.0,False,,
4925.0,1,4.0,0.5714285714285714,6.904221384764667,1,4.0,0.0,1,4.0,False,,
4930.0,1,9.0,1.5,13.439610452204887,1,9.0,0.0,1,9.0,False,,
4935.0,0,0.0,0.0,16.29967369002995,0,0.0,1.0,0,0.0,False,,
4940.0,0,0.0,0.0,13.219773135848982,0,0.0,0.4126577194540218,0,0.0,False,,
4945.0,4,0.0,0.0,0.42373464160941055,0,0.0,0.05511683295232157,0,0.0,False,,
4950.0,1,3.0,0.5,7.96222835302219,1,3.0,3.986566521754483e-05,1,3.0,False,,
4955.0,0,0.0,0.0,15.661375274970856,0,0.0,1.0,0,0.0,False,,
4960.0,0,0.0,0.0,15.374606907380809,0,0.0,0.9849563366934402,0,0.0,False,,
4965.0,0,0.0,0.0,11.176729945397966,0,0.0,0.3552556856815476,0,0.0,False,,
4970.0,1,1.0,0.3333333333333333,3.476431668871898,1,1.0,0.041634150966927505,1,1.0,False,,
4975.0,1,6.0,3.0,0.611325387197039,1,6.0,0.0,1,6.0,False,,
4980.0,1,11.0,5.5,3.399213575507664,1,11.0,0.0,1,11.0,False,,
4985.0,0,0.0,0.0,7.829041202836499,0,0.0,1.0,0,0.0,False,,
4990.0,0,0.0,0.0,16.156549441332167,0,0.0,1.0,0,0.0,False,,
4995.0,0,0.0,0.0,10.68265107425456,0,0.0,1.0,0,0.0,False,,
5000.0,0,0.0,0.0,14.726700996562725,0,0.0,0.5727490925397679,0,0.0,True,"{'r': -18.946157, 'l': 1000, 't': 767.692571}","[0.         0.         0.         1.         0.         0.
 1.         0.         0.         0.         0.         0.
 0.         0.         0.         0.07028395 0.         0.
 0.1715462  0.         0.         0.         0.         0.
 0.         0.         0.         0.         0.         0.
 0.        ]"
